symbol,name,date,close
AAPL,Apple Inc.,2022-09-14,185.0
AAPL,Apple Inc.,2022-09-15,181.369
AAPL,Apple Inc.,2022-09-16,182.4069
AAPL,Apple Inc.,2022-09-19,185.0467
AAPL,Apple Inc.,2022-09-20,186.9419
AAPL,Apple Inc.,2022-09-21,183.9081
AAPL,Apple Inc.,2022-09-22,187.5269
AAPL,Apple Inc.,2022-09-23,189.9745
AAPL,Apple Inc.,2022-09-26,192.466
AAPL,Apple Inc.,2022-09-27,195.1282
AAPL,Apple Inc.,2022-09-28,199.0848
AAPL,Apple Inc.,2022-09-29,207.2422
AAPL,Apple Inc.,2022-09-30,205.1411
AAPL,Apple Inc.,2022-10-03,205.4342
AAPL,Apple Inc.,2022-10-04,212.0162
AAPL,Apple Inc.,2022-10-05,207.1946
AAPL,Apple Inc.,2022-10-06,208.5119
AAPL,Apple Inc.,2022-10-07,206.1155
AAPL,Apple Inc.,2022-10-10,206.1661
AAPL,Apple Inc.,2022-10-11,208.0235
AAPL,Apple Inc.,2022-10-12,201.177
AAPL,Apple Inc.,2022-10-13,197.8036
AAPL,Apple Inc.,2022-10-14,193.0752
AAPL,Apple Inc.,2022-10-17,192.4043
AAPL,Apple Inc.,2022-10-18,190.1939
AAPL,Apple Inc.,2022-10-19,195.4614
AAPL,Apple Inc.,2022-10-20,193.5081
AAPL,Apple Inc.,2022-10-21,199.5652
AAPL,Apple Inc.,2022-10-24,198.2583
AAPL,Apple Inc.,2022-10-25,199.3283
AAPL,Apple Inc.,2022-10-26,199.5872
AAPL,Apple Inc.,2022-10-27,199.7466
AAPL,Apple Inc.,2022-10-28,195.9311
AAPL,Apple Inc.,2022-10-31,197.2086
AAPL,Apple Inc.,2022-11-01,198.6667
AAPL,Apple Inc.,2022-11-02,199.6207
AAPL,Apple Inc.,2022-11-03,201.9409
AAPL,Apple Inc.,2022-11-04,199.1623
AAPL,Apple Inc.,2022-11-07,198.2376
AAPL,Apple Inc.,2022-11-08,196.0545
AAPL,Apple Inc.,2022-11-09,190.3623
AAPL,Apple Inc.,2022-11-10,191.7145
AAPL,Apple Inc.,2022-11-11,189.6905
AAPL,Apple Inc.,2022-11-14,189.5434
AAPL,Apple Inc.,2022-11-15,197.3335
AAPL,Apple Inc.,2022-11-16,198.2548
AAPL,Apple Inc.,2022-11-17,198.749
AAPL,Apple Inc.,2022-11-18,202.6703
AAPL,Apple Inc.,2022-11-21,207.2984
AAPL,Apple Inc.,2022-11-22,214.1617
AAPL,Apple Inc.,2022-11-23,212.3272
AAPL,Apple Inc.,2022-11-24,219.2913
AAPL,Apple Inc.,2022-11-25,218.914
AAPL,Apple Inc.,2022-11-28,214.6149
AAPL,Apple Inc.,2022-11-29,211.253
AAPL,Apple Inc.,2022-11-30,215.5498
AAPL,Apple Inc.,2022-12-01,218.5986
AAPL,Apple Inc.,2022-12-02,223.7332
AAPL,Apple Inc.,2022-12-05,220.2559
AAPL,Apple Inc.,2022-12-06,219.0701
AAPL,Apple Inc.,2022-12-07,214.6184
AAPL,Apple Inc.,2022-12-08,207.392
AAPL,Apple Inc.,2022-12-09,207.4493
AAPL,Apple Inc.,2022-12-12,213.4491
AAPL,Apple Inc.,2022-12-13,217.8069
AAPL,Apple Inc.,2022-12-14,214.9695
AAPL,Apple Inc.,2022-12-15,219.5727
AAPL,Apple Inc.,2022-12-16,217.4797
AAPL,Apple Inc.,2022-12-19,218.8104
AAPL,Apple Inc.,2022-12-20,222.1578
AAPL,Apple Inc.,2022-12-21,220.6977
AAPL,Apple Inc.,2022-12-22,217.4101
AAPL,Apple Inc.,2022-12-23,220.0465
AAPL,Apple Inc.,2022-12-26,219.4904
AAPL,Apple Inc.,2022-12-27,217.4938
AAPL,Apple Inc.,2022-12-28,220.0717
AAPL,Apple Inc.,2022-12-29,219.3694
AAPL,Apple Inc.,2022-12-30,220.9873
AAPL,Apple Inc.,2023-01-02,217.3847
AAPL,Apple Inc.,2023-01-03,220.3098
AAPL,Apple Inc.,2023-01-04,216.7907
AAPL,Apple Inc.,2023-01-05,215.4492
AAPL,Apple Inc.,2023-01-06,208.5769
AAPL,Apple Inc.,2023-01-09,213.0114
AAPL,Apple Inc.,2023-01-10,213.4905
AAPL,Apple Inc.,2023-01-11,215.3684
AAPL,Apple Inc.,2023-01-12,209.1215
AAPL,Apple Inc.,2023-01-13,209.8135
AAPL,Apple Inc.,2023-01-16,208.4831
AAPL,Apple Inc.,2023-01-17,213.0585
AAPL,Apple Inc.,2023-01-18,207.3609
AAPL,Apple Inc.,2023-01-19,208.7798
AAPL,Apple Inc.,2023-01-20,212.83
AAPL,Apple Inc.,2023-01-23,208.5249
AAPL,Apple Inc.,2023-01-24,209.0511
AAPL,Apple Inc.,2023-01-25,205.2129
AAPL,Apple Inc.,2023-01-26,205.4915
AAPL,Apple Inc.,2023-01-27,206.8256
AAPL,Apple Inc.,2023-01-30,211.8122
AAPL,Apple Inc.,2023-01-31,212.5679
AAPL,Apple Inc.,2023-02-01,210.1229
AAPL,Apple Inc.,2023-02-02,212.3946
AAPL,Apple Inc.,2023-02-03,212.5306
AAPL,Apple Inc.,2023-02-06,216.7476
AAPL,Apple Inc.,2023-02-07,214.5748
AAPL,Apple Inc.,2023-02-08,219.8248
AAPL,Apple Inc.,2023-02-09,220.612
AAPL,Apple Inc.,2023-02-10,221.6901
AAPL,Apple Inc.,2023-02-13,225.7846
AAPL,Apple Inc.,2023-02-14,223.8178
AAPL,Apple Inc.,2023-02-15,221.9424
AAPL,Apple Inc.,2023-02-16,224.0734
AAPL,Apple Inc.,2023-02-17,223.8752
AAPL,Apple Inc.,2023-02-20,224.1943
AAPL,Apple Inc.,2023-02-21,222.7313
AAPL,Apple Inc.,2023-02-22,221.6576
AAPL,Apple Inc.,2023-02-23,225.1897
AAPL,Apple Inc.,2023-02-24,233.2531
AAPL,Apple Inc.,2023-02-27,227.7808
AAPL,Apple Inc.,2023-02-28,234.0877
AAPL,Apple Inc.,2023-03-01,237.3
AAPL,Apple Inc.,2023-03-02,242.5446
AAPL,Apple Inc.,2023-03-03,243.456
AAPL,Apple Inc.,2023-03-06,240.4634
AAPL,Apple Inc.,2023-03-07,239.7562
AAPL,Apple Inc.,2023-03-08,236.0051
AAPL,Apple Inc.,2023-03-09,229.2844
AAPL,Apple Inc.,2023-03-10,229.1056
AAPL,Apple Inc.,2023-03-13,230.292
AAPL,Apple Inc.,2023-03-14,229.2888
AAPL,Apple Inc.,2023-03-15,230.1942
AAPL,Apple Inc.,2023-03-16,224.1282
AAPL,Apple Inc.,2023-03-17,228.4781
AAPL,Apple Inc.,2023-03-20,227.9758
AAPL,Apple Inc.,2023-03-21,228.2747
AAPL,Apple Inc.,2023-03-22,231.3104
AAPL,Apple Inc.,2023-03-23,229.1559
AAPL,Apple Inc.,2023-03-24,240.0302
AAPL,Apple Inc.,2023-03-27,245.5211
AAPL,Apple Inc.,2023-03-28,251.0632
AAPL,Apple Inc.,2023-03-29,251.8844
AAPL,Apple Inc.,2023-03-30,248.8934
AAPL,Apple Inc.,2023-03-31,251.2493
AAPL,Apple Inc.,2023-04-03,248.1881
AAPL,Apple Inc.,2023-04-04,249.3599
AAPL,Apple Inc.,2023-04-05,250.5446
AAPL,Apple Inc.,2023-04-06,256.2164
AAPL,Apple Inc.,2023-04-07,258.371
AAPL,Apple Inc.,2023-04-10,259.2067
AAPL,Apple Inc.,2023-04-11,265.7859
AAPL,Apple Inc.,2023-04-12,265.401
AAPL,Apple Inc.,2023-04-13,263.0797
AAPL,Apple Inc.,2023-04-14,260.8776
AAPL,Apple Inc.,2023-04-17,267.8318
AAPL,Apple Inc.,2023-04-18,268.142
AAPL,Apple Inc.,2023-04-19,265.6005
AAPL,Apple Inc.,2023-04-20,256.7396
AAPL,Apple Inc.,2023-04-21,252.2073
AAPL,Apple Inc.,2023-04-24,253.753
AAPL,Apple Inc.,2023-04-25,256.5409
AAPL,Apple Inc.,2023-04-26,264.3396
AAPL,Apple Inc.,2023-04-27,261.2684
AAPL,Apple Inc.,2023-04-28,263.7316
AAPL,Apple Inc.,2023-05-01,269.9903
AAPL,Apple Inc.,2023-05-02,259.4764
AAPL,Apple Inc.,2023-05-03,270.4336
AAPL,Apple Inc.,2023-05-04,265.228
AAPL,Apple Inc.,2023-05-05,260.1183
AAPL,Apple Inc.,2023-05-08,264.5956
AAPL,Apple Inc.,2023-05-09,266.6938
AAPL,Apple Inc.,2023-05-10,272.6356
AAPL,Apple Inc.,2023-05-11,275.9487
AAPL,Apple Inc.,2023-05-12,277.5925
AAPL,Apple Inc.,2023-05-15,277.1434
AAPL,Apple Inc.,2023-05-16,273.5429
AAPL,Apple Inc.,2023-05-17,276.5681
AAPL,Apple Inc.,2023-05-18,267.5109
AAPL,Apple Inc.,2023-05-19,266.8032
AAPL,Apple Inc.,2023-05-22,270.6652
AAPL,Apple Inc.,2023-05-23,265.3803
AAPL,Apple Inc.,2023-05-24,269.5114
AAPL,Apple Inc.,2023-05-25,274.378
AAPL,Apple Inc.,2023-05-26,274.9161
AAPL,Apple Inc.,2023-05-29,274.344
AAPL,Apple Inc.,2023-05-30,277.2061
AAPL,Apple Inc.,2023-05-31,280.5344
AAPL,Apple Inc.,2023-06-01,279.4693
AAPL,Apple Inc.,2023-06-02,289.994
AAPL,Apple Inc.,2023-06-05,298.0735
AAPL,Apple Inc.,2023-06-06,303.5961
AAPL,Apple Inc.,2023-06-07,311.3766
AAPL,Apple Inc.,2023-06-08,318.852
AAPL,Apple Inc.,2023-06-09,311.3672
AAPL,Apple Inc.,2023-06-12,325.863
AAPL,Apple Inc.,2023-06-13,317.8566
AAPL,Apple Inc.,2023-06-14,319.2399
AAPL,Apple Inc.,2023-06-15,313.2534
AAPL,Apple Inc.,2023-06-16,316.9773
AAPL,Apple Inc.,2023-06-19,319.6598
AAPL,Apple Inc.,2023-06-20,321.2386
AAPL,Apple Inc.,2023-06-21,305.5524
AAPL,Apple Inc.,2023-06-22,310.123
AAPL,Apple Inc.,2023-06-23,311.708
AAPL,Apple Inc.,2023-06-26,300.7997
AAPL,Apple Inc.,2023-06-27,309.131
AAPL,Apple Inc.,2023-06-28,308.4979
AAPL,Apple Inc.,2023-06-29,304.5841
AAPL,Apple Inc.,2023-06-30,307.1132
AAPL,Apple Inc.,2023-07-03,304.4048
AAPL,Apple Inc.,2023-07-04,306.7152
AAPL,Apple Inc.,2023-07-05,304.946
AAPL,Apple Inc.,2023-07-06,300.3313
AAPL,Apple Inc.,2023-07-07,294.5083
AAPL,Apple Inc.,2023-07-10,298.9235
AAPL,Apple Inc.,2023-07-11,299.6486
AAPL,Apple Inc.,2023-07-12,295.8589
AAPL,Apple Inc.,2023-07-13,293.0107
AAPL,Apple Inc.,2023-07-14,288.6659
AAPL,Apple Inc.,2023-07-17,300.059
AAPL,Apple Inc.,2023-07-18,302.2798
AAPL,Apple Inc.,2023-07-19,303.4441
AAPL,Apple Inc.,2023-07-20,311.9226
AAPL,Apple Inc.,2023-07-21,308.5684
AAPL,Apple Inc.,2023-07-24,302.8413
AAPL,Apple Inc.,2023-07-25,300.3383
AAPL,Apple Inc.,2023-07-26,301.4362
AAPL,Apple Inc.,2023-07-27,300.5326
AAPL,Apple Inc.,2023-07-28,298.8814
AAPL,Apple Inc.,2023-07-31,299.8597
AAPL,Apple Inc.,2023-08-01,297.676
AAPL,Apple Inc.,2023-08-02,292.0889
AAPL,Apple Inc.,2023-08-03,296.0919
AAPL,Apple Inc.,2023-08-04,294.7994
AAPL,Apple Inc.,2023-08-07,293.3629
AAPL,Apple Inc.,2023-08-08,296.1373
AAPL,Apple Inc.,2023-08-09,298.4181
AAPL,Apple Inc.,2023-08-10,292.6149
AAPL,Apple Inc.,2023-08-11,288.884
AAPL,Apple Inc.,2023-08-14,281.8666
AAPL,Apple Inc.,2023-08-15,275.9559
AAPL,Apple Inc.,2023-08-16,277.4798
AAPL,Apple Inc.,2023-08-17,275.1026
AAPL,Apple Inc.,2023-08-18,270.5597
AAPL,Apple Inc.,2023-08-21,264.2658
AAPL,Apple Inc.,2023-08-22,270.2578
AAPL,Apple Inc.,2023-08-23,268.2574
AAPL,Apple Inc.,2023-08-24,269.3576
AAPL,Apple Inc.,2023-08-25,268.9565
AAPL,Apple Inc.,2023-08-28,264.4411
AAPL,Apple Inc.,2023-08-29,266.4425
AAPL,Apple Inc.,2023-08-30,267.0017
AAPL,Apple Inc.,2023-08-31,273.2201
AAPL,Apple Inc.,2023-09-01,276.0721
AAPL,Apple Inc.,2023-09-04,269.9619
AAPL,Apple Inc.,2023-09-05,269.2855
AAPL,Apple Inc.,2023-09-06,268.682
AAPL,Apple Inc.,2023-09-07,268.24
AAPL,Apple Inc.,2023-09-08,262.3191
AAPL,Apple Inc.,2023-09-11,254.5568
AAPL,Apple Inc.,2023-09-12,253.8824
AAPL,Apple Inc.,2023-09-13,255.3605
AAPL,Apple Inc.,2023-09-14,249.9313
AAPL,Apple Inc.,2023-09-15,258.2119
AAPL,Apple Inc.,2023-09-18,261.144
AAPL,Apple Inc.,2023-09-19,258.8127
AAPL,Apple Inc.,2023-09-20,268.2934
AAPL,Apple Inc.,2023-09-21,261.0801
AAPL,Apple Inc.,2023-09-22,256.3665
AAPL,Apple Inc.,2023-09-25,251.4582
AAPL,Apple Inc.,2023-09-26,256.6716
AAPL,Apple Inc.,2023-09-27,253.2509
AAPL,Apple Inc.,2023-09-28,256.5088
AAPL,Apple Inc.,2023-09-29,257.5948
AAPL,Apple Inc.,2023-10-02,254.8817
AAPL,Apple Inc.,2023-10-03,255.4155
AAPL,Apple Inc.,2023-10-04,250.0705
AAPL,Apple Inc.,2023-10-05,253.7559
AAPL,Apple Inc.,2023-10-06,249.3151
AAPL,Apple Inc.,2023-10-09,245.4358
AAPL,Apple Inc.,2023-10-10,248.383
AAPL,Apple Inc.,2023-10-11,246.2517
AAPL,Apple Inc.,2023-10-12,254.5095
AAPL,Apple Inc.,2023-10-13,260.7974
AAPL,Apple Inc.,2023-10-16,253.2827
AAPL,Apple Inc.,2023-10-17,253.9754
AAPL,Apple Inc.,2023-10-18,253.334
AAPL,Apple Inc.,2023-10-19,263.1543
AAPL,Apple Inc.,2023-10-20,260.6119
AAPL,Apple Inc.,2023-10-23,257.756
AAPL,Apple Inc.,2023-10-24,256.8665
AAPL,Apple Inc.,2023-10-25,255.9058
AAPL,Apple Inc.,2023-10-26,251.8597
AAPL,Apple Inc.,2023-10-27,253.0213
AAPL,Apple Inc.,2023-10-30,250.6494
AAPL,Apple Inc.,2023-10-31,246.9223
AAPL,Apple Inc.,2023-11-01,253.6729
AAPL,Apple Inc.,2023-11-02,254.367
AAPL,Apple Inc.,2023-11-03,249.6904
AAPL,Apple Inc.,2023-11-06,243.6643
AAPL,Apple Inc.,2023-11-07,242.2523
AAPL,Apple Inc.,2023-11-08,236.9935
AAPL,Apple Inc.,2023-11-09,231.6358
AAPL,Apple Inc.,2023-11-10,236.2162
AAPL,Apple Inc.,2023-11-13,235.6164
AAPL,Apple Inc.,2023-11-14,233.3036
AAPL,Apple Inc.,2023-11-15,234.0892
AAPL,Apple Inc.,2023-11-16,231.787
AAPL,Apple Inc.,2023-11-17,232.118
AAPL,Apple Inc.,2023-11-20,239.6915
AAPL,Apple Inc.,2023-11-21,239.5914
AAPL,Apple Inc.,2023-11-22,237.0685
AAPL,Apple Inc.,2023-11-23,232.3767
AAPL,Apple Inc.,2023-11-24,235.0317
AAPL,Apple Inc.,2023-11-27,234.3658
AAPL,Apple Inc.,2023-11-28,236.0893
AAPL,Apple Inc.,2023-11-29,229.4942
AAPL,Apple Inc.,2023-11-30,227.9806
AAPL,Apple Inc.,2023-12-01,228.4121
AAPL,Apple Inc.,2023-12-04,230.5944
AAPL,Apple Inc.,2023-12-05,231.6907
AAPL,Apple Inc.,2023-12-06,230.6128
AAPL,Apple Inc.,2023-12-07,235.909
AAPL,Apple Inc.,2023-12-08,235.8478
AAPL,Apple Inc.,2023-12-11,227.3939
AAPL,Apple Inc.,2023-12-12,222.3695
AAPL,Apple Inc.,2023-12-13,222.2073
AAPL,Apple Inc.,2023-12-14,223.1355
AAPL,Apple Inc.,2023-12-15,217.9826
AAPL,Apple Inc.,2023-12-18,213.4103
AAPL,Apple Inc.,2023-12-19,214.8357
AAPL,Apple Inc.,2023-12-20,215.8682
AAPL,Apple Inc.,2023-12-21,217.3287
AAPL,Apple Inc.,2023-12-22,220.1328
AAPL,Apple Inc.,2023-12-25,220.418
AAPL,Apple Inc.,2023-12-26,217.4228
AAPL,Apple Inc.,2023-12-27,222.4291
AAPL,Apple Inc.,2023-12-28,226.6266
AAPL,Apple Inc.,2023-12-29,233.7288
AAPL,Apple Inc.,2024-01-01,235.812
AAPL,Apple Inc.,2024-01-02,236.602
AAPL,Apple Inc.,2024-01-03,237.8401
AAPL,Apple Inc.,2024-01-04,239.4947
AAPL,Apple Inc.,2024-01-05,232.2041
AAPL,Apple Inc.,2024-01-08,231.9606
AAPL,Apple Inc.,2024-01-09,230.9183
AAPL,Apple Inc.,2024-01-10,232.8557
AAPL,Apple Inc.,2024-01-11,234.5721
AAPL,Apple Inc.,2024-01-12,233.7
AAPL,Apple Inc.,2024-01-15,232.3241
AAPL,Apple Inc.,2024-01-16,227.3428
AAPL,Apple Inc.,2024-01-17,228.8908
AAPL,Apple Inc.,2024-01-18,227.4191
AAPL,Apple Inc.,2024-01-19,226.4239
AAPL,Apple Inc.,2024-01-22,231.1968
AAPL,Apple Inc.,2024-01-23,235.9495
AAPL,Apple Inc.,2024-01-24,235.0592
AAPL,Apple Inc.,2024-01-25,242.616
AAPL,Apple Inc.,2024-01-26,246.1426
AAPL,Apple Inc.,2024-01-29,246.7536
AAPL,Apple Inc.,2024-01-30,243.2314
AAPL,Apple Inc.,2024-01-31,239.7764
AAPL,Apple Inc.,2024-02-01,244.0971
AAPL,Apple Inc.,2024-02-02,236.0602
AAPL,Apple Inc.,2024-02-05,243.5729
AAPL,Apple Inc.,2024-02-06,246.7913
AAPL,Apple Inc.,2024-02-07,245.4613
AAPL,Apple Inc.,2024-02-08,252.7921
AAPL,Apple Inc.,2024-02-09,254.0245
AAPL,Apple Inc.,2024-02-12,248.5898
AAPL,Apple Inc.,2024-02-13,245.7569
AAPL,Apple Inc.,2024-02-14,241.1283
AAPL,Apple Inc.,2024-02-15,236.0714
AAPL,Apple Inc.,2024-02-16,244.4114
AAPL,Apple Inc.,2024-02-19,244.861
AAPL,Apple Inc.,2024-02-20,244.0601
AAPL,Apple Inc.,2024-02-21,247.5207
AAPL,Apple Inc.,2024-02-22,250.0363
AAPL,Apple Inc.,2024-02-23,246.9593
AAPL,Apple Inc.,2024-02-26,242.5459
AAPL,Apple Inc.,2024-02-27,234.1579
AAPL,Apple Inc.,2024-02-28,237.9412
AAPL,Apple Inc.,2024-02-29,236.7595
AAPL,Apple Inc.,2024-03-01,240.4462
AAPL,Apple Inc.,2024-03-04,240.4078
AAPL,Apple Inc.,2024-03-05,234.4982
AAPL,Apple Inc.,2024-03-06,231.8104
AAPL,Apple Inc.,2024-03-07,237.9078
AAPL,Apple Inc.,2024-03-08,235.2042
AAPL,Apple Inc.,2024-03-11,237.1631
AAPL,Apple Inc.,2024-03-12,227.2674
AAPL,Apple Inc.,2024-03-13,223.9808
AAPL,Apple Inc.,2024-03-14,227.7608
AAPL,Apple Inc.,2024-03-15,220.1351
AAPL,Apple Inc.,2024-03-18,224.2801
AAPL,Apple Inc.,2024-03-19,222.2825
AAPL,Apple Inc.,2024-03-20,219.8772
AAPL,Apple Inc.,2024-03-21,225.5813
AAPL,Apple Inc.,2024-03-22,223.5766
AAPL,Apple Inc.,2024-03-25,228.0653
AAPL,Apple Inc.,2024-03-26,226.617
AAPL,Apple Inc.,2024-03-27,228.3142
AAPL,Apple Inc.,2024-03-28,232.8044
AAPL,Apple Inc.,2024-03-29,237.5893
AAPL,Apple Inc.,2024-04-01,236.8257
AAPL,Apple Inc.,2024-04-02,227.6821
AAPL,Apple Inc.,2024-04-03,235.1091
AAPL,Apple Inc.,2024-04-04,233.1019
AAPL,Apple Inc.,2024-04-05,238.7996
AAPL,Apple Inc.,2024-04-08,235.7552
AAPL,Apple Inc.,2024-04-09,234.3193
AAPL,Apple Inc.,2024-04-10,235.1117
AAPL,Apple Inc.,2024-04-11,235.3572
AAPL,Apple Inc.,2024-04-12,244.1037
AAPL,Apple Inc.,2024-04-15,237.1029
AAPL,Apple Inc.,2024-04-16,235.1967
AAPL,Apple Inc.,2024-04-17,236.7337
AAPL,Apple Inc.,2024-04-18,238.9806
AAPL,Apple Inc.,2024-04-19,239.5275
AAPL,Apple Inc.,2024-04-22,240.7623
AAPL,Apple Inc.,2024-04-23,245.5752
AAPL,Apple Inc.,2024-04-24,243.561
AAPL,Apple Inc.,2024-04-25,241.5537
AAPL,Apple Inc.,2024-04-26,241.4522
AAPL,Apple Inc.,2024-04-29,244.8193
AAPL,Apple Inc.,2024-04-30,238.9808
AAPL,Apple Inc.,2024-05-01,247.4784
AAPL,Apple Inc.,2024-05-02,246.252
AAPL,Apple Inc.,2024-05-03,243.835
AAPL,Apple Inc.,2024-05-06,242.6568
AAPL,Apple Inc.,2024-05-07,238.2692
AAPL,Apple Inc.,2024-05-08,234.6396
AAPL,Apple Inc.,2024-05-09,233.579
AAPL,Apple Inc.,2024-05-10,235.8259
AAPL,Apple Inc.,2024-05-13,239.1918
AAPL,Apple Inc.,2024-05-14,237.7988
AAPL,Apple Inc.,2024-05-15,236.8191
AAPL,Apple Inc.,2024-05-16,238.9984
AAPL,Apple Inc.,2024-05-17,231.3497
AAPL,Apple Inc.,2024-05-20,230.8826
AAPL,Apple Inc.,2024-05-21,235.4831
AAPL,Apple Inc.,2024-05-22,242.7432
AAPL,Apple Inc.,2024-05-23,242.129
AAPL,Apple Inc.,2024-05-24,236.5188
AAPL,Apple Inc.,2024-05-27,234.2162
AAPL,Apple Inc.,2024-05-28,239.6881
AAPL,Apple Inc.,2024-05-29,248.7254
AAPL,Apple Inc.,2024-05-30,248.2388
AAPL,Apple Inc.,2024-05-31,241.9423
AAPL,Apple Inc.,2024-06-03,242.8434
AAPL,Apple Inc.,2024-06-04,246.4875
AAPL,Apple Inc.,2024-06-05,250.7141
AAPL,Apple Inc.,2024-06-06,252.624
AAPL,Apple Inc.,2024-06-07,264.1657
AAPL,Apple Inc.,2024-06-10,264.4221
AAPL,Apple Inc.,2024-06-11,278.4785
AAPL,Apple Inc.,2024-06-12,273.4967
AAPL,Apple Inc.,2024-06-13,281.0095
AAPL,Apple Inc.,2024-06-14,286.9621
AAPL,Apple Inc.,2024-06-17,291.4925
AAPL,Apple Inc.,2024-06-18,287.8194
AAPL,Apple Inc.,2024-06-19,287.4157
AAPL,Apple Inc.,2024-06-20,281.6969
AAPL,Apple Inc.,2024-06-21,282.2063
AAPL,Apple Inc.,2024-06-24,283.9227
AAPL,Apple Inc.,2024-06-25,287.102
AAPL,Apple Inc.,2024-06-26,281.2648
AAPL,Apple Inc.,2024-06-27,277.9241
AAPL,Apple Inc.,2024-06-28,267.7175
AAPL,Apple Inc.,2024-07-01,268.2669
AAPL,Apple Inc.,2024-07-02,263.5863
AAPL,Apple Inc.,2024-07-03,268.7643
AAPL,Apple Inc.,2024-07-04,266.3995
AAPL,Apple Inc.,2024-07-05,269.0233
AAPL,Apple Inc.,2024-07-08,267.4001
AAPL,Apple Inc.,2024-07-09,267.4451
AAPL,Apple Inc.,2024-07-10,266.6354
AAPL,Apple Inc.,2024-07-11,261.2172
AAPL,Apple Inc.,2024-07-12,265.3785
AAPL,Apple Inc.,2024-07-15,261.4379
AAPL,Apple Inc.,2024-07-16,267.5864
AAPL,Apple Inc.,2024-07-17,256.2628
AAPL,Apple Inc.,2024-07-18,254.1265
AAPL,Apple Inc.,2024-07-19,258.0129
AAPL,Apple Inc.,2024-07-22,262.0432
AAPL,Apple Inc.,2024-07-23,253.2399
AAPL,Apple Inc.,2024-07-24,254.1885
AAPL,Apple Inc.,2024-07-25,255.058
AAPL,Apple Inc.,2024-07-26,256.3349
AAPL,Apple Inc.,2024-07-29,254.6621
AAPL,Apple Inc.,2024-07-30,251.1614
AAPL,Apple Inc.,2024-07-31,252.0301
AAPL,Apple Inc.,2024-08-01,254.5845
AAPL,Apple Inc.,2024-08-02,259.0831
AAPL,Apple Inc.,2024-08-05,258.7093
AAPL,Apple Inc.,2024-08-06,254.9568
AAPL,Apple Inc.,2024-08-07,258.2758
AAPL,Apple Inc.,2024-08-08,252.0415
AAPL,Apple Inc.,2024-08-09,248.8968
AAPL,Apple Inc.,2024-08-12,246.0771
AAPL,Apple Inc.,2024-08-13,246.0342
AAPL,Apple Inc.,2024-08-14,246.8133
AAPL,Apple Inc.,2024-08-15,255.6591
AAPL,Apple Inc.,2024-08-16,258.5986
AAPL,Apple Inc.,2024-08-19,263.0724
AAPL,Apple Inc.,2024-08-20,261.2862
AAPL,Apple Inc.,2024-08-21,256.4392
AAPL,Apple Inc.,2024-08-22,254.8705
AAPL,Apple Inc.,2024-08-23,252.658
AAPL,Apple Inc.,2024-08-26,262.2446
AAPL,Apple Inc.,2024-08-27,269.3313
AAPL,Apple Inc.,2024-08-28,273.6416
AAPL,Apple Inc.,2024-08-29,273.4333
AAPL,Apple Inc.,2024-08-30,267.4261
AAPL,Apple Inc.,2024-09-02,266.1131
AAPL,Apple Inc.,2024-09-03,263.3854
AAPL,Apple Inc.,2024-09-04,260.0672
AAPL,Apple Inc.,2024-09-05,262.2603
AAPL,Apple Inc.,2024-09-06,270.8018
AAPL,Apple Inc.,2024-09-09,281.1139
AAPL,Apple Inc.,2024-09-10,280.4564
AAPL,Apple Inc.,2024-09-11,281.2788
AAPL,Apple Inc.,2024-09-12,283.2179
AAPL,Apple Inc.,2024-09-13,280.2439
AAPL,Apple Inc.,2024-09-16,287.2852
AAPL,Apple Inc.,2024-09-17,290.3666
AAPL,Apple Inc.,2024-09-18,291.2647
AAPL,Apple Inc.,2024-09-19,294.5775
AAPL,Apple Inc.,2024-09-20,292.6309
AAPL,Apple Inc.,2024-09-23,291.921
AAPL,Apple Inc.,2024-09-24,299.0397
AAPL,Apple Inc.,2024-09-25,304.8476
AAPL,Apple Inc.,2024-09-26,306.2552
AAPL,Apple Inc.,2024-09-27,299.0973
AAPL,Apple Inc.,2024-09-30,313.1428
AAPL,Apple Inc.,2024-10-01,316.3256
AAPL,Apple Inc.,2024-10-02,322.412
AAPL,Apple Inc.,2024-10-03,317.5848
AAPL,Apple Inc.,2024-10-04,321.6186
AAPL,Apple Inc.,2024-10-07,325.8091
AAPL,Apple Inc.,2024-10-08,328.4934
AAPL,Apple Inc.,2024-10-09,336.3145
AAPL,Apple Inc.,2024-10-10,326.9587
AAPL,Apple Inc.,2024-10-11,334.9604
AAPL,Apple Inc.,2024-10-14,333.5888
AAPL,Apple Inc.,2024-10-15,331.5533
AAPL,Apple Inc.,2024-10-16,332.3642
AAPL,Apple Inc.,2024-10-17,335.8269
AAPL,Apple Inc.,2024-10-18,337.9622
AAPL,Apple Inc.,2024-10-21,336.6056
AAPL,Apple Inc.,2024-10-22,341.1072
AAPL,Apple Inc.,2024-10-23,359.7862
AAPL,Apple Inc.,2024-10-24,365.147
AAPL,Apple Inc.,2024-10-25,363.7676
AAPL,Apple Inc.,2024-10-28,372.7615
AAPL,Apple Inc.,2024-10-29,379.7813
AAPL,Apple Inc.,2024-10-30,375.6075
AAPL,Apple Inc.,2024-10-31,385.0898
AAPL,Apple Inc.,2024-11-01,376.8783
AAPL,Apple Inc.,2024-11-04,381.1957
AAPL,Apple Inc.,2024-11-05,395.0777
AAPL,Apple Inc.,2024-11-06,387.791
AAPL,Apple Inc.,2024-11-07,385.623
AAPL,Apple Inc.,2024-11-08,381.0934
AAPL,Apple Inc.,2024-11-11,391.228
AAPL,Apple Inc.,2024-11-12,387.2506
AAPL,Apple Inc.,2024-11-13,387.4555
AAPL,Apple Inc.,2024-11-14,391.0624
AAPL,Apple Inc.,2024-11-15,398.7172
AAPL,Apple Inc.,2024-11-18,404.4967
AAPL,Apple Inc.,2024-11-19,398.4284
AAPL,Apple Inc.,2024-11-20,385.0859
AAPL,Apple Inc.,2024-11-21,392.1784
AAPL,Apple Inc.,2024-11-22,392.9554
AAPL,Apple Inc.,2024-11-25,397.7546
AAPL,Apple Inc.,2024-11-26,393.8202
AAPL,Apple Inc.,2024-11-27,394.0361
AAPL,Apple Inc.,2024-11-28,404.0549
AAPL,Apple Inc.,2024-11-29,393.8891
AAPL,Apple Inc.,2024-12-02,392.7364
AAPL,Apple Inc.,2024-12-03,382.3071
AAPL,Apple Inc.,2024-12-04,391.595
AAPL,Apple Inc.,2024-12-05,392.9894
AAPL,Apple Inc.,2024-12-06,386.6084
AAPL,Apple Inc.,2024-12-09,375.7497
AAPL,Apple Inc.,2024-12-10,376.5783
AAPL,Apple Inc.,2024-12-11,377.7694
AAPL,Apple Inc.,2024-12-12,376.8552
AAPL,Apple Inc.,2024-12-13,386.1071
AAPL,Apple Inc.,2024-12-16,379.6157
AAPL,Apple Inc.,2024-12-17,385.0679
AAPL,Apple Inc.,2024-12-18,395.7706
AAPL,Apple Inc.,2024-12-19,391.96
AAPL,Apple Inc.,2024-12-20,398.2932
AAPL,Apple Inc.,2024-12-23,409.4556
AAPL,Apple Inc.,2024-12-24,399.9914
AAPL,Apple Inc.,2024-12-25,395.8464
AAPL,Apple Inc.,2024-12-26,387.384
AAPL,Apple Inc.,2024-12-27,391.2027
AAPL,Apple Inc.,2024-12-30,404.6976
AAPL,Apple Inc.,2024-12-31,395.0313
MSFT,Microsoft Corp.,2022-09-14,420.0
MSFT,Microsoft Corp.,2022-09-15,415.6238
MSFT,Microsoft Corp.,2022-09-16,404.2605
MSFT,Microsoft Corp.,2022-09-19,407.8488
MSFT,Microsoft Corp.,2022-09-20,412.2738
MSFT,Microsoft Corp.,2022-09-21,410.7037
MSFT,Microsoft Corp.,2022-09-22,412.9964
MSFT,Microsoft Corp.,2022-09-23,423.1043
MSFT,Microsoft Corp.,2022-09-26,429.575
MSFT,Microsoft Corp.,2022-09-27,434.0151
MSFT,Microsoft Corp.,2022-09-28,438.3804
MSFT,Microsoft Corp.,2022-09-29,433.3714
MSFT,Microsoft Corp.,2022-09-30,439.4093
MSFT,Microsoft Corp.,2022-10-03,429.6892
MSFT,Microsoft Corp.,2022-10-04,427.9198
MSFT,Microsoft Corp.,2022-10-05,425.5369
MSFT,Microsoft Corp.,2022-10-06,415.6622
MSFT,Microsoft Corp.,2022-10-07,415.2248
MSFT,Microsoft Corp.,2022-10-10,424.9928
MSFT,Microsoft Corp.,2022-10-11,423.1957
MSFT,Microsoft Corp.,2022-10-12,416.3704
MSFT,Microsoft Corp.,2022-10-13,416.0433
MSFT,Microsoft Corp.,2022-10-14,421.1967
MSFT,Microsoft Corp.,2022-10-17,422.5272
MSFT,Microsoft Corp.,2022-10-18,422.7128
MSFT,Microsoft Corp.,2022-10-19,414.7348
MSFT,Microsoft Corp.,2022-10-20,417.8234
MSFT,Microsoft Corp.,2022-10-21,420.8459
MSFT,Microsoft Corp.,2022-10-24,428.946
MSFT,Microsoft Corp.,2022-10-25,438.0984
MSFT,Microsoft Corp.,2022-10-26,442.5098
MSFT,Microsoft Corp.,2022-10-27,432.7573
MSFT,Microsoft Corp.,2022-10-28,424.4357
MSFT,Microsoft Corp.,2022-10-31,418.2253
MSFT,Microsoft Corp.,2022-11-01,420.1382
MSFT,Microsoft Corp.,2022-11-02,415.7773
MSFT,Microsoft Corp.,2022-11-03,423.5936
MSFT,Microsoft Corp.,2022-11-04,425.23
MSFT,Microsoft Corp.,2022-11-07,427.5886
MSFT,Microsoft Corp.,2022-11-08,432.265
MSFT,Microsoft Corp.,2022-11-09,434.5149
MSFT,Microsoft Corp.,2022-11-10,426.3062
MSFT,Microsoft Corp.,2022-11-11,441.2513
MSFT,Microsoft Corp.,2022-11-14,450.5035
MSFT,Microsoft Corp.,2022-11-15,460.3333
MSFT,Microsoft Corp.,2022-11-16,455.8062
MSFT,Microsoft Corp.,2022-11-17,444.4956
MSFT,Microsoft Corp.,2022-11-18,435.5181
MSFT,Microsoft Corp.,2022-11-21,429.4103
MSFT,Microsoft Corp.,2022-11-22,434.8992
MSFT,Microsoft Corp.,2022-11-23,440.5693
MSFT,Microsoft Corp.,2022-11-24,449.7786
MSFT,Microsoft Corp.,2022-11-25,463.5541
MSFT,Microsoft Corp.,2022-11-28,467.1351
MSFT,Microsoft Corp.,2022-11-29,469.6597
MSFT,Microsoft Corp.,2022-11-30,467.5255
MSFT,Microsoft Corp.,2022-12-01,465.5721
MSFT,Microsoft Corp.,2022-12-02,458.3797
MSFT,Microsoft Corp.,2022-12-05,461.856
MSFT,Microsoft Corp.,2022-12-06,464.118
MSFT,Microsoft Corp.,2022-12-07,461.7388
MSFT,Microsoft Corp.,2022-12-08,456.7983
MSFT,Microsoft Corp.,2022-12-09,459.9192
MSFT,Microsoft Corp.,2022-12-12,468.5434
MSFT,Microsoft Corp.,2022-12-13,469.2963
MSFT,Microsoft Corp.,2022-12-14,471.37
MSFT,Microsoft Corp.,2022-12-15,468.0254
MSFT,Microsoft Corp.,2022-12-16,466.6383
MSFT,Microsoft Corp.,2022-12-19,464.8173
MSFT,Microsoft Corp.,2022-12-20,463.205
MSFT,Microsoft Corp.,2022-12-21,459.6057
MSFT,Microsoft Corp.,2022-12-22,462.3575
MSFT,Microsoft Corp.,2022-12-23,470.9855
MSFT,Microsoft Corp.,2022-12-26,465.0648
MSFT,Microsoft Corp.,2022-12-27,474.3968
MSFT,Microsoft Corp.,2022-12-28,471.9794
MSFT,Microsoft Corp.,2022-12-29,469.808
MSFT,Microsoft Corp.,2022-12-30,456.1923
MSFT,Microsoft Corp.,2023-01-02,441.3473
MSFT,Microsoft Corp.,2023-01-03,446.0814
MSFT,Microsoft Corp.,2023-01-04,439.5962
MSFT,Microsoft Corp.,2023-01-05,444.7416
MSFT,Microsoft Corp.,2023-01-06,445.2657
MSFT,Microsoft Corp.,2023-01-09,447.0268
MSFT,Microsoft Corp.,2023-01-10,455.5806
MSFT,Microsoft Corp.,2023-01-11,455.3408
MSFT,Microsoft Corp.,2023-01-12,435.397
MSFT,Microsoft Corp.,2023-01-13,425.2339
MSFT,Microsoft Corp.,2023-01-16,431.2099
MSFT,Microsoft Corp.,2023-01-17,443.5198
MSFT,Microsoft Corp.,2023-01-18,443.1414
MSFT,Microsoft Corp.,2023-01-19,439.0589
MSFT,Microsoft Corp.,2023-01-20,430.8739
MSFT,Microsoft Corp.,2023-01-23,434.3537
MSFT,Microsoft Corp.,2023-01-24,423.8667
MSFT,Microsoft Corp.,2023-01-25,416.8098
MSFT,Microsoft Corp.,2023-01-26,417.7946
MSFT,Microsoft Corp.,2023-01-27,418.5845
MSFT,Microsoft Corp.,2023-01-30,417.2845
MSFT,Microsoft Corp.,2023-01-31,423.6813
MSFT,Microsoft Corp.,2023-02-01,416.6413
MSFT,Microsoft Corp.,2023-02-02,410.017
MSFT,Microsoft Corp.,2023-02-03,407.8408
MSFT,Microsoft Corp.,2023-02-06,408.4036
MSFT,Microsoft Corp.,2023-02-07,406.6899
MSFT,Microsoft Corp.,2023-02-08,418.2768
MSFT,Microsoft Corp.,2023-02-09,414.9884
MSFT,Microsoft Corp.,2023-02-10,418.858
MSFT,Microsoft Corp.,2023-02-13,415.6657
MSFT,Microsoft Corp.,2023-02-14,417.7161
MSFT,Microsoft Corp.,2023-02-15,415.3578
MSFT,Microsoft Corp.,2023-02-16,413.2983
MSFT,Microsoft Corp.,2023-02-17,422.9051
MSFT,Microsoft Corp.,2023-02-20,421.1349
MSFT,Microsoft Corp.,2023-02-21,431.4824
MSFT,Microsoft Corp.,2023-02-22,427.2861
MSFT,Microsoft Corp.,2023-02-23,424.7213
MSFT,Microsoft Corp.,2023-02-24,431.5075
MSFT,Microsoft Corp.,2023-02-27,417.1293
MSFT,Microsoft Corp.,2023-02-28,407.7584
MSFT,Microsoft Corp.,2023-03-01,408.0542
MSFT,Microsoft Corp.,2023-03-02,410.9558
MSFT,Microsoft Corp.,2023-03-03,414.4287
MSFT,Microsoft Corp.,2023-03-06,412.7569
MSFT,Microsoft Corp.,2023-03-07,404.7644
MSFT,Microsoft Corp.,2023-03-08,409.6674
MSFT,Microsoft Corp.,2023-03-09,412.4057
MSFT,Microsoft Corp.,2023-03-10,406.1271
MSFT,Microsoft Corp.,2023-03-13,406.806
MSFT,Microsoft Corp.,2023-03-14,417.4032
MSFT,Microsoft Corp.,2023-03-15,418.3194
MSFT,Microsoft Corp.,2023-03-16,411.5986
MSFT,Microsoft Corp.,2023-03-17,409.3307
MSFT,Microsoft Corp.,2023-03-20,407.4063
MSFT,Microsoft Corp.,2023-03-21,409.5469
MSFT,Microsoft Corp.,2023-03-22,414.9634
MSFT,Microsoft Corp.,2023-03-23,409.73
MSFT,Microsoft Corp.,2023-03-24,406.1752
MSFT,Microsoft Corp.,2023-03-27,412.215
MSFT,Microsoft Corp.,2023-03-28,416.7054
MSFT,Microsoft Corp.,2023-03-29,424.9118
MSFT,Microsoft Corp.,2023-03-30,416.4486
MSFT,Microsoft Corp.,2023-03-31,411.0558
MSFT,Microsoft Corp.,2023-04-03,417.0922
MSFT,Microsoft Corp.,2023-04-04,411.7247
MSFT,Microsoft Corp.,2023-04-05,413.7863
MSFT,Microsoft Corp.,2023-04-06,413.6465
MSFT,Microsoft Corp.,2023-04-07,409.4932
MSFT,Microsoft Corp.,2023-04-10,418.2182
MSFT,Microsoft Corp.,2023-04-11,418.3104
MSFT,Microsoft Corp.,2023-04-12,415.5081
MSFT,Microsoft Corp.,2023-04-13,414.7504
MSFT,Microsoft Corp.,2023-04-14,416.3805
MSFT,Microsoft Corp.,2023-04-17,407.4094
MSFT,Microsoft Corp.,2023-04-18,402.649
MSFT,Microsoft Corp.,2023-04-19,395.6129
MSFT,Microsoft Corp.,2023-04-20,384.2117
MSFT,Microsoft Corp.,2023-04-21,389.7084
MSFT,Microsoft Corp.,2023-04-24,397.8389
MSFT,Microsoft Corp.,2023-04-25,404.7384
MSFT,Microsoft Corp.,2023-04-26,394.925
MSFT,Microsoft Corp.,2023-04-27,397.3208
MSFT,Microsoft Corp.,2023-04-28,401.3153
MSFT,Microsoft Corp.,2023-05-01,398.2697
MSFT,Microsoft Corp.,2023-05-02,403.0535
MSFT,Microsoft Corp.,2023-05-03,396.9274
MSFT,Microsoft Corp.,2023-05-04,391.1242
MSFT,Microsoft Corp.,2023-05-05,386.718
MSFT,Microsoft Corp.,2023-05-08,382.9652
MSFT,Microsoft Corp.,2023-05-09,377.7184
MSFT,Microsoft Corp.,2023-05-10,383.025
MSFT,Microsoft Corp.,2023-05-11,377.4482
MSFT,Microsoft Corp.,2023-05-12,375.1388
MSFT,Microsoft Corp.,2023-05-15,371.94
MSFT,Microsoft Corp.,2023-05-16,383.7944
MSFT,Microsoft Corp.,2023-05-17,379.1281
MSFT,Microsoft Corp.,2023-05-18,381.8089
MSFT,Microsoft Corp.,2023-05-19,391.8575
MSFT,Microsoft Corp.,2023-05-22,385.5463
MSFT,Microsoft Corp.,2023-05-23,381.2225
MSFT,Microsoft Corp.,2023-05-24,379.6129
MSFT,Microsoft Corp.,2023-05-25,372.7688
MSFT,Microsoft Corp.,2023-05-26,379.3925
MSFT,Microsoft Corp.,2023-05-29,377.0275
MSFT,Microsoft Corp.,2023-05-30,382.791
MSFT,Microsoft Corp.,2023-05-31,385.8201
MSFT,Microsoft Corp.,2023-06-01,386.0982
MSFT,Microsoft Corp.,2023-06-02,391.4804
MSFT,Microsoft Corp.,2023-06-05,389.9882
MSFT,Microsoft Corp.,2023-06-06,395.9539
MSFT,Microsoft Corp.,2023-06-07,388.9185
MSFT,Microsoft Corp.,2023-06-08,385.0563
MSFT,Microsoft Corp.,2023-06-09,391.7756
MSFT,Microsoft Corp.,2023-06-12,380.6366
MSFT,Microsoft Corp.,2023-06-13,383.34
MSFT,Microsoft Corp.,2023-06-14,381.3142
MSFT,Microsoft Corp.,2023-06-15,378.5863
MSFT,Microsoft Corp.,2023-06-16,375.084
MSFT,Microsoft Corp.,2023-06-19,382.0358
MSFT,Microsoft Corp.,2023-06-20,374.1577
MSFT,Microsoft Corp.,2023-06-21,378.6938
MSFT,Microsoft Corp.,2023-06-22,381.3879
MSFT,Microsoft Corp.,2023-06-23,379.3037
MSFT,Microsoft Corp.,2023-06-26,379.018
MSFT,Microsoft Corp.,2023-06-27,382.9321
MSFT,Microsoft Corp.,2023-06-28,379.9534
MSFT,Microsoft Corp.,2023-06-29,372.2021
MSFT,Microsoft Corp.,2023-06-30,373.8376
MSFT,Microsoft Corp.,2023-07-03,369.6527
MSFT,Microsoft Corp.,2023-07-04,367.7177
MSFT,Microsoft Corp.,2023-07-05,368.1606
MSFT,Microsoft Corp.,2023-07-06,372.1187
MSFT,Microsoft Corp.,2023-07-07,381.7881
MSFT,Microsoft Corp.,2023-07-10,383.7876
MSFT,Microsoft Corp.,2023-07-11,384.5835
MSFT,Microsoft Corp.,2023-07-12,389.1615
MSFT,Microsoft Corp.,2023-07-13,390.8918
MSFT,Microsoft Corp.,2023-07-14,382.0186
MSFT,Microsoft Corp.,2023-07-17,379.0208
MSFT,Microsoft Corp.,2023-07-18,372.7421
MSFT,Microsoft Corp.,2023-07-19,376.5373
MSFT,Microsoft Corp.,2023-07-20,383.4237
MSFT,Microsoft Corp.,2023-07-21,385.5047
MSFT,Microsoft Corp.,2023-07-24,380.2139
MSFT,Microsoft Corp.,2023-07-25,384.642
MSFT,Microsoft Corp.,2023-07-26,379.7206
MSFT,Microsoft Corp.,2023-07-27,381.2376
MSFT,Microsoft Corp.,2023-07-28,375.1291
MSFT,Microsoft Corp.,2023-07-31,368.1619
MSFT,Microsoft Corp.,2023-08-01,361.2374
MSFT,Microsoft Corp.,2023-08-02,361.496
MSFT,Microsoft Corp.,2023-08-03,358.366
MSFT,Microsoft Corp.,2023-08-04,360.7118
MSFT,Microsoft Corp.,2023-08-07,354.4433
MSFT,Microsoft Corp.,2023-08-08,357.0297
MSFT,Microsoft Corp.,2023-08-09,354.1474
MSFT,Microsoft Corp.,2023-08-10,360.5205
MSFT,Microsoft Corp.,2023-08-11,365.8258
MSFT,Microsoft Corp.,2023-08-14,364.9047
MSFT,Microsoft Corp.,2023-08-15,365.6268
MSFT,Microsoft Corp.,2023-08-16,367.038
MSFT,Microsoft Corp.,2023-08-17,369.5805
MSFT,Microsoft Corp.,2023-08-18,368.3539
MSFT,Microsoft Corp.,2023-08-21,374.1679
MSFT,Microsoft Corp.,2023-08-22,371.7176
MSFT,Microsoft Corp.,2023-08-23,362.1038
MSFT,Microsoft Corp.,2023-08-24,363.5152
MSFT,Microsoft Corp.,2023-08-25,363.1425
MSFT,Microsoft Corp.,2023-08-28,367.531
MSFT,Microsoft Corp.,2023-08-29,370.7558
MSFT,Microsoft Corp.,2023-08-30,371.5986
MSFT,Microsoft Corp.,2023-08-31,372.3288
MSFT,Microsoft Corp.,2023-09-01,373.1609
MSFT,Microsoft Corp.,2023-09-04,369.9431
MSFT,Microsoft Corp.,2023-09-05,363.927
MSFT,Microsoft Corp.,2023-09-06,359.9815
MSFT,Microsoft Corp.,2023-09-07,359.6974
MSFT,Microsoft Corp.,2023-09-08,348.7461
MSFT,Microsoft Corp.,2023-09-11,346.8117
MSFT,Microsoft Corp.,2023-09-12,342.287
MSFT,Microsoft Corp.,2023-09-13,342.0319
MSFT,Microsoft Corp.,2023-09-14,338.3588
MSFT,Microsoft Corp.,2023-09-15,338.8123
MSFT,Microsoft Corp.,2023-09-18,337.9036
MSFT,Microsoft Corp.,2023-09-19,344.1917
MSFT,Microsoft Corp.,2023-09-20,342.7214
MSFT,Microsoft Corp.,2023-09-21,341.7294
MSFT,Microsoft Corp.,2023-09-22,342.0141
MSFT,Microsoft Corp.,2023-09-25,333.6641
MSFT,Microsoft Corp.,2023-09-26,328.8994
MSFT,Microsoft Corp.,2023-09-27,335.6713
MSFT,Microsoft Corp.,2023-09-28,338.2437
MSFT,Microsoft Corp.,2023-09-29,338.8003
MSFT,Microsoft Corp.,2023-10-02,344.0805
MSFT,Microsoft Corp.,2023-10-03,343.3856
MSFT,Microsoft Corp.,2023-10-04,342.365
MSFT,Microsoft Corp.,2023-10-05,341.0943
MSFT,Microsoft Corp.,2023-10-06,332.9602
MSFT,Microsoft Corp.,2023-10-09,337.4825
MSFT,Microsoft Corp.,2023-10-10,336.7592
MSFT,Microsoft Corp.,2023-10-11,336.4805
MSFT,Microsoft Corp.,2023-10-12,335.0851
MSFT,Microsoft Corp.,2023-10-13,332.3075
MSFT,Microsoft Corp.,2023-10-16,322.2181
MSFT,Microsoft Corp.,2023-10-17,323.0475
MSFT,Microsoft Corp.,2023-10-18,333.1197
MSFT,Microsoft Corp.,2023-10-19,337.8739
MSFT,Microsoft Corp.,2023-10-20,336.6875
MSFT,Microsoft Corp.,2023-10-23,332.5587
MSFT,Microsoft Corp.,2023-10-24,332.8355
MSFT,Microsoft Corp.,2023-10-25,334.7101
MSFT,Microsoft Corp.,2023-10-26,334.3116
MSFT,Microsoft Corp.,2023-10-27,338.3594
MSFT,Microsoft Corp.,2023-10-30,334.0783
MSFT,Microsoft Corp.,2023-10-31,339.2198
MSFT,Microsoft Corp.,2023-11-01,340.1117
MSFT,Microsoft Corp.,2023-11-02,337.6938
MSFT,Microsoft Corp.,2023-11-03,336.5291
MSFT,Microsoft Corp.,2023-11-06,338.314
MSFT,Microsoft Corp.,2023-11-07,342.0699
MSFT,Microsoft Corp.,2023-11-08,342.5766
MSFT,Microsoft Corp.,2023-11-09,345.5148
MSFT,Microsoft Corp.,2023-11-10,357.3878
MSFT,Microsoft Corp.,2023-11-13,349.5283
MSFT,Microsoft Corp.,2023-11-14,340.11
MSFT,Microsoft Corp.,2023-11-15,340.6907
MSFT,Microsoft Corp.,2023-11-16,336.312
MSFT,Microsoft Corp.,2023-11-17,336.9997
MSFT,Microsoft Corp.,2023-11-20,329.7187
MSFT,Microsoft Corp.,2023-11-21,330.484
MSFT,Microsoft Corp.,2023-11-22,336.703
MSFT,Microsoft Corp.,2023-11-23,342.0783
MSFT,Microsoft Corp.,2023-11-24,337.0728
MSFT,Microsoft Corp.,2023-11-27,335.7897
MSFT,Microsoft Corp.,2023-11-28,340.0962
MSFT,Microsoft Corp.,2023-11-29,348.9716
MSFT,Microsoft Corp.,2023-11-30,344.5564
MSFT,Microsoft Corp.,2023-12-01,340.6645
MSFT,Microsoft Corp.,2023-12-04,346.1469
MSFT,Microsoft Corp.,2023-12-05,344.592
MSFT,Microsoft Corp.,2023-12-06,339.8853
MSFT,Microsoft Corp.,2023-12-07,345.0372
MSFT,Microsoft Corp.,2023-12-08,337.257
MSFT,Microsoft Corp.,2023-12-11,334.2344
MSFT,Microsoft Corp.,2023-12-12,338.902
MSFT,Microsoft Corp.,2023-12-13,336.1237
MSFT,Microsoft Corp.,2023-12-14,339.8621
MSFT,Microsoft Corp.,2023-12-15,334.2924
MSFT,Microsoft Corp.,2023-12-18,338.0649
MSFT,Microsoft Corp.,2023-12-19,340.4461
MSFT,Microsoft Corp.,2023-12-20,348.345
MSFT,Microsoft Corp.,2023-12-21,347.3254
MSFT,Microsoft Corp.,2023-12-22,345.7967
MSFT,Microsoft Corp.,2023-12-25,345.5022
MSFT,Microsoft Corp.,2023-12-26,350.7218
MSFT,Microsoft Corp.,2023-12-27,347.2958
MSFT,Microsoft Corp.,2023-12-28,346.7775
MSFT,Microsoft Corp.,2023-12-29,356.4447
MSFT,Microsoft Corp.,2024-01-01,360.4916
MSFT,Microsoft Corp.,2024-01-02,364.3018
MSFT,Microsoft Corp.,2024-01-03,361.8527
MSFT,Microsoft Corp.,2024-01-04,366.3709
MSFT,Microsoft Corp.,2024-01-05,360.6766
MSFT,Microsoft Corp.,2024-01-08,353.4639
MSFT,Microsoft Corp.,2024-01-09,349.0438
MSFT,Microsoft Corp.,2024-01-10,356.1391
MSFT,Microsoft Corp.,2024-01-11,357.1357
MSFT,Microsoft Corp.,2024-01-12,352.7103
MSFT,Microsoft Corp.,2024-01-15,351.131
MSFT,Microsoft Corp.,2024-01-16,353.4997
MSFT,Microsoft Corp.,2024-01-17,359.507
MSFT,Microsoft Corp.,2024-01-18,351.6276
MSFT,Microsoft Corp.,2024-01-19,358.3742
MSFT,Microsoft Corp.,2024-01-22,363.2028
MSFT,Microsoft Corp.,2024-01-23,359.8796
MSFT,Microsoft Corp.,2024-01-24,358.0639
MSFT,Microsoft Corp.,2024-01-25,360.678
MSFT,Microsoft Corp.,2024-01-26,359.4197
MSFT,Microsoft Corp.,2024-01-29,360.2765
MSFT,Microsoft Corp.,2024-01-30,355.1912
MSFT,Microsoft Corp.,2024-01-31,346.4959
MSFT,Microsoft Corp.,2024-02-01,358.5279
MSFT,Microsoft Corp.,2024-02-02,359.5478
MSFT,Microsoft Corp.,2024-02-05,360.8397
MSFT,Microsoft Corp.,2024-02-06,363.5662
MSFT,Microsoft Corp.,2024-02-07,370.5342
MSFT,Microsoft Corp.,2024-02-08,375.5139
MSFT,Microsoft Corp.,2024-02-09,370.3763
MSFT,Microsoft Corp.,2024-02-12,369.9728
MSFT,Microsoft Corp.,2024-02-13,370.5042
MSFT,Microsoft Corp.,2024-02-14,374.6148
MSFT,Microsoft Corp.,2024-02-15,371.6877
MSFT,Microsoft Corp.,2024-02-16,373.8353
MSFT,Microsoft Corp.,2024-02-19,375.1822
MSFT,Microsoft Corp.,2024-02-20,382.6059
MSFT,Microsoft Corp.,2024-02-21,369.1952
MSFT,Microsoft Corp.,2024-02-22,369.7786
MSFT,Microsoft Corp.,2024-02-23,371.6979
MSFT,Microsoft Corp.,2024-02-26,375.3678
MSFT,Microsoft Corp.,2024-02-27,375.5019
MSFT,Microsoft Corp.,2024-02-28,371.3913
MSFT,Microsoft Corp.,2024-02-29,375.031
MSFT,Microsoft Corp.,2024-03-01,377.1319
MSFT,Microsoft Corp.,2024-03-04,372.939
MSFT,Microsoft Corp.,2024-03-05,366.1444
MSFT,Microsoft Corp.,2024-03-06,369.1614
MSFT,Microsoft Corp.,2024-03-07,364.9243
MSFT,Microsoft Corp.,2024-03-08,368.4012
MSFT,Microsoft Corp.,2024-03-11,376.4014
MSFT,Microsoft Corp.,2024-03-12,377.6577
MSFT,Microsoft Corp.,2024-03-13,379.0373
MSFT,Microsoft Corp.,2024-03-14,379.8773
MSFT,Microsoft Corp.,2024-03-15,387.4288
MSFT,Microsoft Corp.,2024-03-18,395.2232
MSFT,Microsoft Corp.,2024-03-19,395.8737
MSFT,Microsoft Corp.,2024-03-20,400.1583
MSFT,Microsoft Corp.,2024-03-21,400.5984
MSFT,Microsoft Corp.,2024-03-22,398.0384
MSFT,Microsoft Corp.,2024-03-25,402.4901
MSFT,Microsoft Corp.,2024-03-26,402.1868
MSFT,Microsoft Corp.,2024-03-27,397.6664
MSFT,Microsoft Corp.,2024-03-28,389.6812
MSFT,Microsoft Corp.,2024-03-29,395.2642
MSFT,Microsoft Corp.,2024-04-01,390.205
MSFT,Microsoft Corp.,2024-04-02,384.4284
MSFT,Microsoft Corp.,2024-04-03,383.2092
MSFT,Microsoft Corp.,2024-04-04,387.3409
MSFT,Microsoft Corp.,2024-04-05,378.3586
MSFT,Microsoft Corp.,2024-04-08,381.8941
MSFT,Microsoft Corp.,2024-04-09,384.1554
MSFT,Microsoft Corp.,2024-04-10,377.9163
MSFT,Microsoft Corp.,2024-04-11,372.1738
MSFT,Microsoft Corp.,2024-04-12,371.4519
MSFT,Microsoft Corp.,2024-04-15,381.7236
MSFT,Microsoft Corp.,2024-04-16,380.5804
MSFT,Microsoft Corp.,2024-04-17,386.536
MSFT,Microsoft Corp.,2024-04-18,391.8114
MSFT,Microsoft Corp.,2024-04-19,383.469
MSFT,Microsoft Corp.,2024-04-22,383.6447
MSFT,Microsoft Corp.,2024-04-23,389.114
MSFT,Microsoft Corp.,2024-04-24,386.6271
MSFT,Microsoft Corp.,2024-04-25,393.4179
MSFT,Microsoft Corp.,2024-04-26,387.7715
MSFT,Microsoft Corp.,2024-04-29,380.1371
MSFT,Microsoft Corp.,2024-04-30,378.0152
MSFT,Microsoft Corp.,2024-05-01,381.6639
MSFT,Microsoft Corp.,2024-05-02,379.822
MSFT,Microsoft Corp.,2024-05-03,384.9048
MSFT,Microsoft Corp.,2024-05-06,376.9506
MSFT,Microsoft Corp.,2024-05-07,374.1219
MSFT,Microsoft Corp.,2024-05-08,381.4875
MSFT,Microsoft Corp.,2024-05-09,368.9207
MSFT,Microsoft Corp.,2024-05-10,370.7058
MSFT,Microsoft Corp.,2024-05-13,366.3612
MSFT,Microsoft Corp.,2024-05-14,362.7981
MSFT,Microsoft Corp.,2024-05-15,361.3521
MSFT,Microsoft Corp.,2024-05-16,354.2578
MSFT,Microsoft Corp.,2024-05-17,359.0352
MSFT,Microsoft Corp.,2024-05-20,362.1444
MSFT,Microsoft Corp.,2024-05-21,368.5187
MSFT,Microsoft Corp.,2024-05-22,369.5582
MSFT,Microsoft Corp.,2024-05-23,364.9493
MSFT,Microsoft Corp.,2024-05-24,368.4429
MSFT,Microsoft Corp.,2024-05-27,361.8638
MSFT,Microsoft Corp.,2024-05-28,357.4866
MSFT,Microsoft Corp.,2024-05-29,368.2428
MSFT,Microsoft Corp.,2024-05-30,373.984
MSFT,Microsoft Corp.,2024-05-31,376.498
MSFT,Microsoft Corp.,2024-06-03,384.537
MSFT,Microsoft Corp.,2024-06-04,383.2119
MSFT,Microsoft Corp.,2024-06-05,386.5685
MSFT,Microsoft Corp.,2024-06-06,382.4565
MSFT,Microsoft Corp.,2024-06-07,380.9166
MSFT,Microsoft Corp.,2024-06-10,381.6106
MSFT,Microsoft Corp.,2024-06-11,389.8432
MSFT,Microsoft Corp.,2024-06-12,386.3257
MSFT,Microsoft Corp.,2024-06-13,392.2761
MSFT,Microsoft Corp.,2024-06-14,392.4686
MSFT,Microsoft Corp.,2024-06-17,383.2375
MSFT,Microsoft Corp.,2024-06-18,373.334
MSFT,Microsoft Corp.,2024-06-19,369.9685
MSFT,Microsoft Corp.,2024-06-20,375.7602
MSFT,Microsoft Corp.,2024-06-21,377.3465
MSFT,Microsoft Corp.,2024-06-24,387.2458
MSFT,Microsoft Corp.,2024-06-25,388.469
MSFT,Microsoft Corp.,2024-06-26,396.4505
MSFT,Microsoft Corp.,2024-06-27,398.0885
MSFT,Microsoft Corp.,2024-06-28,393.3269
MSFT,Microsoft Corp.,2024-07-01,397.5097
MSFT,Microsoft Corp.,2024-07-02,393.6724
MSFT,Microsoft Corp.,2024-07-03,386.2704
MSFT,Microsoft Corp.,2024-07-04,382.5018
MSFT,Microsoft Corp.,2024-07-05,380.6813
MSFT,Microsoft Corp.,2024-07-08,382.2553
MSFT,Microsoft Corp.,2024-07-09,387.0646
MSFT,Microsoft Corp.,2024-07-10,390.6168
MSFT,Microsoft Corp.,2024-07-11,402.4133
MSFT,Microsoft Corp.,2024-07-12,391.8623
MSFT,Microsoft Corp.,2024-07-15,391.1474
MSFT,Microsoft Corp.,2024-07-16,405.7586
MSFT,Microsoft Corp.,2024-07-17,404.2821
MSFT,Microsoft Corp.,2024-07-18,397.5469
MSFT,Microsoft Corp.,2024-07-19,393.675
MSFT,Microsoft Corp.,2024-07-22,388.6772
MSFT,Microsoft Corp.,2024-07-23,386.2997
MSFT,Microsoft Corp.,2024-07-24,396.0061
MSFT,Microsoft Corp.,2024-07-25,388.6684
MSFT,Microsoft Corp.,2024-07-26,385.2142
MSFT,Microsoft Corp.,2024-07-29,393.1894
MSFT,Microsoft Corp.,2024-07-30,395.1189
MSFT,Microsoft Corp.,2024-07-31,397.2414
MSFT,Microsoft Corp.,2024-08-01,395.4688
MSFT,Microsoft Corp.,2024-08-02,401.0007
MSFT,Microsoft Corp.,2024-08-05,395.6678
MSFT,Microsoft Corp.,2024-08-06,401.2897
MSFT,Microsoft Corp.,2024-08-07,402.2937
MSFT,Microsoft Corp.,2024-08-08,401.5611
MSFT,Microsoft Corp.,2024-08-09,398.8975
MSFT,Microsoft Corp.,2024-08-12,404.535
MSFT,Microsoft Corp.,2024-08-13,406.7699
MSFT,Microsoft Corp.,2024-08-14,404.8846
MSFT,Microsoft Corp.,2024-08-15,405.8843
MSFT,Microsoft Corp.,2024-08-16,400.3272
MSFT,Microsoft Corp.,2024-08-19,407.8577
MSFT,Microsoft Corp.,2024-08-20,416.1301
MSFT,Microsoft Corp.,2024-08-21,423.1129
MSFT,Microsoft Corp.,2024-08-22,425.1924
MSFT,Microsoft Corp.,2024-08-23,428.6064
MSFT,Microsoft Corp.,2024-08-26,420.9551
MSFT,Microsoft Corp.,2024-08-27,419.1909
MSFT,Microsoft Corp.,2024-08-28,418.153
MSFT,Microsoft Corp.,2024-08-29,417.7689
MSFT,Microsoft Corp.,2024-08-30,421.8462
MSFT,Microsoft Corp.,2024-09-02,419.6658
MSFT,Microsoft Corp.,2024-09-03,415.7684
MSFT,Microsoft Corp.,2024-09-04,423.1755
MSFT,Microsoft Corp.,2024-09-05,421.7388
MSFT,Microsoft Corp.,2024-09-06,418.3753
MSFT,Microsoft Corp.,2024-09-09,407.1879
MSFT,Microsoft Corp.,2024-09-10,399.8984
MSFT,Microsoft Corp.,2024-09-11,398.9716
MSFT,Microsoft Corp.,2024-09-12,400.8287
MSFT,Microsoft Corp.,2024-09-13,391.3608
MSFT,Microsoft Corp.,2024-09-16,391.5917
MSFT,Microsoft Corp.,2024-09-17,393.7001
MSFT,Microsoft Corp.,2024-09-18,391.2625
MSFT,Microsoft Corp.,2024-09-19,391.8751
MSFT,Microsoft Corp.,2024-09-20,399.9246
MSFT,Microsoft Corp.,2024-09-23,396.0927
MSFT,Microsoft Corp.,2024-09-24,387.1774
MSFT,Microsoft Corp.,2024-09-25,385.4333
MSFT,Microsoft Corp.,2024-09-26,381.021
MSFT,Microsoft Corp.,2024-09-27,381.038
MSFT,Microsoft Corp.,2024-09-30,385.0161
MSFT,Microsoft Corp.,2024-10-01,390.0763
MSFT,Microsoft Corp.,2024-10-02,392.1
MSFT,Microsoft Corp.,2024-10-03,400.0852
MSFT,Microsoft Corp.,2024-10-04,402.3847
MSFT,Microsoft Corp.,2024-10-07,408.4472
MSFT,Microsoft Corp.,2024-10-08,410.7294
MSFT,Microsoft Corp.,2024-10-09,412.5884
MSFT,Microsoft Corp.,2024-10-10,409.9828
MSFT,Microsoft Corp.,2024-10-11,410.2785
MSFT,Microsoft Corp.,2024-10-14,407.2997
MSFT,Microsoft Corp.,2024-10-15,405.9034
MSFT,Microsoft Corp.,2024-10-16,406.5873
MSFT,Microsoft Corp.,2024-10-17,413.4267
MSFT,Microsoft Corp.,2024-10-18,412.2373
MSFT,Microsoft Corp.,2024-10-21,416.0806
MSFT,Microsoft Corp.,2024-10-22,409.2712
MSFT,Microsoft Corp.,2024-10-23,407.9117
MSFT,Microsoft Corp.,2024-10-24,415.4619
MSFT,Microsoft Corp.,2024-10-25,417.7358
MSFT,Microsoft Corp.,2024-10-28,407.617
MSFT,Microsoft Corp.,2024-10-29,407.7112
MSFT,Microsoft Corp.,2024-10-30,406.5874
MSFT,Microsoft Corp.,2024-10-31,400.2131
MSFT,Microsoft Corp.,2024-11-01,390.8276
MSFT,Microsoft Corp.,2024-11-04,385.9521
MSFT,Microsoft Corp.,2024-11-05,380.5213
MSFT,Microsoft Corp.,2024-11-06,384.5538
MSFT,Microsoft Corp.,2024-11-07,387.8974
MSFT,Microsoft Corp.,2024-11-08,391.6088
MSFT,Microsoft Corp.,2024-11-11,397.7773
MSFT,Microsoft Corp.,2024-11-12,386.1898
MSFT,Microsoft Corp.,2024-11-13,384.9675
MSFT,Microsoft Corp.,2024-11-14,387.0377
MSFT,Microsoft Corp.,2024-11-15,383.7111
MSFT,Microsoft Corp.,2024-11-18,380.6337
MSFT,Microsoft Corp.,2024-11-19,376.6848
MSFT,Microsoft Corp.,2024-11-20,377.8033
MSFT,Microsoft Corp.,2024-11-21,377.7452
MSFT,Microsoft Corp.,2024-11-22,384.4896
MSFT,Microsoft Corp.,2024-11-25,386.8367
MSFT,Microsoft Corp.,2024-11-26,388.2283
MSFT,Microsoft Corp.,2024-11-27,388.3614
MSFT,Microsoft Corp.,2024-11-28,384.4076
MSFT,Microsoft Corp.,2024-11-29,385.3193
MSFT,Microsoft Corp.,2024-12-02,390.0011
MSFT,Microsoft Corp.,2024-12-03,392.8169
MSFT,Microsoft Corp.,2024-12-04,387.322
MSFT,Microsoft Corp.,2024-12-05,379.5544
MSFT,Microsoft Corp.,2024-12-06,383.5097
MSFT,Microsoft Corp.,2024-12-09,384.7874
MSFT,Microsoft Corp.,2024-12-10,386.6126
MSFT,Microsoft Corp.,2024-12-11,382.3241
MSFT,Microsoft Corp.,2024-12-12,386.5683
MSFT,Microsoft Corp.,2024-12-13,390.7569
MSFT,Microsoft Corp.,2024-12-16,389.6758
MSFT,Microsoft Corp.,2024-12-17,393.0931
MSFT,Microsoft Corp.,2024-12-18,388.4411
MSFT,Microsoft Corp.,2024-12-19,388.2882
MSFT,Microsoft Corp.,2024-12-20,377.9562
MSFT,Microsoft Corp.,2024-12-23,376.7616
MSFT,Microsoft Corp.,2024-12-24,390.1333
MSFT,Microsoft Corp.,2024-12-25,394.2935
MSFT,Microsoft Corp.,2024-12-26,404.1617
MSFT,Microsoft Corp.,2024-12-27,407.8048
MSFT,Microsoft Corp.,2024-12-30,409.5739
MSFT,Microsoft Corp.,2024-12-31,411.2681
NVDA,NVIDIA Corp.,2022-09-14,122.0
NVDA,NVIDIA Corp.,2022-09-15,124.0618
NVDA,NVIDIA Corp.,2022-09-16,131.1456
NVDA,NVIDIA Corp.,2022-09-19,134.4749
NVDA,NVIDIA Corp.,2022-09-20,130.9938
NVDA,NVIDIA Corp.,2022-09-21,129.1769
NVDA,NVIDIA Corp.,2022-09-22,132.1418
NVDA,NVIDIA Corp.,2022-09-23,132.1266
NVDA,NVIDIA Corp.,2022-09-26,136.2921
NVDA,NVIDIA Corp.,2022-09-27,129.9114
NVDA,NVIDIA Corp.,2022-09-28,137.1514
NVDA,NVIDIA Corp.,2022-09-29,143.9657
NVDA,NVIDIA Corp.,2022-09-30,138.9447
NVDA,NVIDIA Corp.,2022-10-03,138.0492
NVDA,NVIDIA Corp.,2022-10-04,136.1003
NVDA,NVIDIA Corp.,2022-10-05,134.9746
NVDA,NVIDIA Corp.,2022-10-06,138.5417
NVDA,NVIDIA Corp.,2022-10-07,136.9901
NVDA,NVIDIA Corp.,2022-10-10,134.0884
NVDA,NVIDIA Corp.,2022-10-11,136.8063
NVDA,NVIDIA Corp.,2022-10-12,141.8814
NVDA,NVIDIA Corp.,2022-10-13,140.64
NVDA,NVIDIA Corp.,2022-10-14,142.0635
NVDA,NVIDIA Corp.,2022-10-17,137.3123
NVDA,NVIDIA Corp.,2022-10-18,141.238
NVDA,NVIDIA Corp.,2022-10-19,150.1565
NVDA,NVIDIA Corp.,2022-10-20,152.9277
NVDA,NVIDIA Corp.,2022-10-21,153.1465
NVDA,NVIDIA Corp.,2022-10-24,145.7609
NVDA,NVIDIA Corp.,2022-10-25,145.0167
NVDA,NVIDIA Corp.,2022-10-26,137.9491
NVDA,NVIDIA Corp.,2022-10-27,141.1698
NVDA,NVIDIA Corp.,2022-10-28,148.2748
NVDA,NVIDIA Corp.,2022-10-31,154.182
NVDA,NVIDIA Corp.,2022-11-01,155.315
NVDA,NVIDIA Corp.,2022-11-02,157.7816
NVDA,NVIDIA Corp.,2022-11-03,155.505
NVDA,NVIDIA Corp.,2022-11-04,156.8935
NVDA,NVIDIA Corp.,2022-11-07,158.291
NVDA,NVIDIA Corp.,2022-11-08,158.6896
NVDA,NVIDIA Corp.,2022-11-09,148.4731
NVDA,NVIDIA Corp.,2022-11-10,149.872
NVDA,NVIDIA Corp.,2022-11-11,152.0052
NVDA,NVIDIA Corp.,2022-11-14,149.3867
NVDA,NVIDIA Corp.,2022-11-15,151.3733
NVDA,NVIDIA Corp.,2022-11-16,154.889
NVDA,NVIDIA Corp.,2022-11-17,146.7188
NVDA,NVIDIA Corp.,2022-11-18,150.4417
NVDA,NVIDIA Corp.,2022-11-21,148.6341
NVDA,NVIDIA Corp.,2022-11-22,144.3396
NVDA,NVIDIA Corp.,2022-11-23,144.9625
NVDA,NVIDIA Corp.,2022-11-24,142.011
NVDA,NVIDIA Corp.,2022-11-25,140.2308
NVDA,NVIDIA Corp.,2022-11-28,136.5201
NVDA,NVIDIA Corp.,2022-11-29,134.0607
NVDA,NVIDIA Corp.,2022-11-30,129.8053
NVDA,NVIDIA Corp.,2022-12-01,127.7385
NVDA,NVIDIA Corp.,2022-12-02,124.0808
NVDA,NVIDIA Corp.,2022-12-05,119.7225
NVDA,NVIDIA Corp.,2022-12-06,123.0449
NVDA,NVIDIA Corp.,2022-12-07,123.1004
NVDA,NVIDIA Corp.,2022-12-08,124.4505
NVDA,NVIDIA Corp.,2022-12-09,130.1772
NVDA,NVIDIA Corp.,2022-12-12,132.4741
NVDA,NVIDIA Corp.,2022-12-13,132.5467
NVDA,NVIDIA Corp.,2022-12-14,128.8396
NVDA,NVIDIA Corp.,2022-12-15,131.5696
NVDA,NVIDIA Corp.,2022-12-16,133.2516
NVDA,NVIDIA Corp.,2022-12-19,136.9407
NVDA,NVIDIA Corp.,2022-12-20,136.5344
NVDA,NVIDIA Corp.,2022-12-21,135.2762
NVDA,NVIDIA Corp.,2022-12-22,128.1434
NVDA,NVIDIA Corp.,2022-12-23,130.0445
NVDA,NVIDIA Corp.,2022-12-26,124.9399
NVDA,NVIDIA Corp.,2022-12-27,123.3369
NVDA,NVIDIA Corp.,2022-12-28,124.9092
NVDA,NVIDIA Corp.,2022-12-29,125.0968
NVDA,NVIDIA Corp.,2022-12-30,124.7418
NVDA,NVIDIA Corp.,2023-01-02,126.1508
NVDA,NVIDIA Corp.,2023-01-03,120.3925
NVDA,NVIDIA Corp.,2023-01-04,120.487
NVDA,NVIDIA Corp.,2023-01-05,124.4471
NVDA,NVIDIA Corp.,2023-01-06,128.1968
NVDA,NVIDIA Corp.,2023-01-09,123.2181
NVDA,NVIDIA Corp.,2023-01-10,126.2254
NVDA,NVIDIA Corp.,2023-01-11,127.598
NVDA,NVIDIA Corp.,2023-01-12,124.2882
NVDA,NVIDIA Corp.,2023-01-13,119.8841
NVDA,NVIDIA Corp.,2023-01-16,119.3489
NVDA,NVIDIA Corp.,2023-01-17,123.6696
NVDA,NVIDIA Corp.,2023-01-18,125.1533
NVDA,NVIDIA Corp.,2023-01-19,122.0235
NVDA,NVIDIA Corp.,2023-01-20,122.2802
NVDA,NVIDIA Corp.,2023-01-23,125.5946
NVDA,NVIDIA Corp.,2023-01-24,125.2234
NVDA,NVIDIA Corp.,2023-01-25,123.6429
NVDA,NVIDIA Corp.,2023-01-26,125.0649
NVDA,NVIDIA Corp.,2023-01-27,118.3631
NVDA,NVIDIA Corp.,2023-01-30,119.646
NVDA,NVIDIA Corp.,2023-01-31,115.3805
NVDA,NVIDIA Corp.,2023-02-01,115.0421
NVDA,NVIDIA Corp.,2023-02-02,116.0462
NVDA,NVIDIA Corp.,2023-02-03,115.5354
NVDA,NVIDIA Corp.,2023-02-06,113.2183
NVDA,NVIDIA Corp.,2023-02-07,112.0097
NVDA,NVIDIA Corp.,2023-02-08,114.3371
NVDA,NVIDIA Corp.,2023-02-09,110.2951
NVDA,NVIDIA Corp.,2023-02-10,107.6739
NVDA,NVIDIA Corp.,2023-02-13,108.4977
NVDA,NVIDIA Corp.,2023-02-14,110.7056
NVDA,NVIDIA Corp.,2023-02-15,110.5883
NVDA,NVIDIA Corp.,2023-02-16,108.9983
NVDA,NVIDIA Corp.,2023-02-17,110.9447
NVDA,NVIDIA Corp.,2023-02-20,109.7542
NVDA,NVIDIA Corp.,2023-02-21,115.7178
NVDA,NVIDIA Corp.,2023-02-22,119.7406
NVDA,NVIDIA Corp.,2023-02-23,125.7168
NVDA,NVIDIA Corp.,2023-02-24,122.5625
NVDA,NVIDIA Corp.,2023-02-27,120.9845
NVDA,NVIDIA Corp.,2023-02-28,120.0742
NVDA,NVIDIA Corp.,2023-03-01,116.187
NVDA,NVIDIA Corp.,2023-03-02,114.5555
NVDA,NVIDIA Corp.,2023-03-03,117.3902
NVDA,NVIDIA Corp.,2023-03-06,114.2921
NVDA,NVIDIA Corp.,2023-03-07,113.3846
NVDA,NVIDIA Corp.,2023-03-08,117.8725
NVDA,NVIDIA Corp.,2023-03-09,118.7942
NVDA,NVIDIA Corp.,2023-03-10,120.3398
NVDA,NVIDIA Corp.,2023-03-13,120.3646
NVDA,NVIDIA Corp.,2023-03-14,118.3762
NVDA,NVIDIA Corp.,2023-03-15,117.2247
NVDA,NVIDIA Corp.,2023-03-16,118.008
NVDA,NVIDIA Corp.,2023-03-17,116.1954
NVDA,NVIDIA Corp.,2023-03-20,116.3153
NVDA,NVIDIA Corp.,2023-03-21,114.9345
NVDA,NVIDIA Corp.,2023-03-22,114.6547
NVDA,NVIDIA Corp.,2023-03-23,119.4097
NVDA,NVIDIA Corp.,2023-03-24,121.3287
NVDA,NVIDIA Corp.,2023-03-27,117.2609
NVDA,NVIDIA Corp.,2023-03-28,116.671
NVDA,NVIDIA Corp.,2023-03-29,122.3964
NVDA,NVIDIA Corp.,2023-03-30,128.3357
NVDA,NVIDIA Corp.,2023-03-31,124.4845
NVDA,NVIDIA Corp.,2023-04-03,125.9206
NVDA,NVIDIA Corp.,2023-04-04,125.943
NVDA,NVIDIA Corp.,2023-04-05,117.9361
NVDA,NVIDIA Corp.,2023-04-06,118.854
NVDA,NVIDIA Corp.,2023-04-07,125.2039
NVDA,NVIDIA Corp.,2023-04-10,122.8937
NVDA,NVIDIA Corp.,2023-04-11,121.9337
NVDA,NVIDIA Corp.,2023-04-12,125.0123
NVDA,NVIDIA Corp.,2023-04-13,123.5691
NVDA,NVIDIA Corp.,2023-04-14,122.1457
NVDA,NVIDIA Corp.,2023-04-17,123.0494
NVDA,NVIDIA Corp.,2023-04-18,118.5188
NVDA,NVIDIA Corp.,2023-04-19,120.0692
NVDA,NVIDIA Corp.,2023-04-20,116.0166
NVDA,NVIDIA Corp.,2023-04-21,116.1883
NVDA,NVIDIA Corp.,2023-04-24,118.7065
NVDA,NVIDIA Corp.,2023-04-25,123.9521
NVDA,NVIDIA Corp.,2023-04-26,121.4821
NVDA,NVIDIA Corp.,2023-04-27,122.24
NVDA,NVIDIA Corp.,2023-04-28,123.0438
NVDA,NVIDIA Corp.,2023-05-01,117.4042
NVDA,NVIDIA Corp.,2023-05-02,117.1255
NVDA,NVIDIA Corp.,2023-05-03,117.8509
NVDA,NVIDIA Corp.,2023-05-04,119.5635
NVDA,NVIDIA Corp.,2023-05-05,125.9138
NVDA,NVIDIA Corp.,2023-05-08,126.3174
NVDA,NVIDIA Corp.,2023-05-09,126.1683
NVDA,NVIDIA Corp.,2023-05-10,125.9375
NVDA,NVIDIA Corp.,2023-05-11,125.9261
NVDA,NVIDIA Corp.,2023-05-12,127.5547
NVDA,NVIDIA Corp.,2023-05-15,132.9341
NVDA,NVIDIA Corp.,2023-05-16,129.3997
NVDA,NVIDIA Corp.,2023-05-17,129.5232
NVDA,NVIDIA Corp.,2023-05-18,121.7539
NVDA,NVIDIA Corp.,2023-05-19,116.6041
NVDA,NVIDIA Corp.,2023-05-22,117.0952
NVDA,NVIDIA Corp.,2023-05-23,110.8412
NVDA,NVIDIA Corp.,2023-05-24,111.8031
NVDA,NVIDIA Corp.,2023-05-25,115.6131
NVDA,NVIDIA Corp.,2023-05-26,113.0555
NVDA,NVIDIA Corp.,2023-05-29,110.9574
NVDA,NVIDIA Corp.,2023-05-30,110.9594
NVDA,NVIDIA Corp.,2023-05-31,109.4503
NVDA,NVIDIA Corp.,2023-06-01,109.2653
NVDA,NVIDIA Corp.,2023-06-02,107.2618
NVDA,NVIDIA Corp.,2023-06-05,109.6659
NVDA,NVIDIA Corp.,2023-06-06,110.5112
NVDA,NVIDIA Corp.,2023-06-07,110.2858
NVDA,NVIDIA Corp.,2023-06-08,104.0002
NVDA,NVIDIA Corp.,2023-06-09,102.0834
NVDA,NVIDIA Corp.,2023-06-12,102.1561
NVDA,NVIDIA Corp.,2023-06-13,103.9902
NVDA,NVIDIA Corp.,2023-06-14,102.1981
NVDA,NVIDIA Corp.,2023-06-15,103.7704
NVDA,NVIDIA Corp.,2023-06-16,106.0335
NVDA,NVIDIA Corp.,2023-06-19,104.3647
NVDA,NVIDIA Corp.,2023-06-20,106.312
NVDA,NVIDIA Corp.,2023-06-21,105.7817
NVDA,NVIDIA Corp.,2023-06-22,102.7611
NVDA,NVIDIA Corp.,2023-06-23,102.6047
NVDA,NVIDIA Corp.,2023-06-26,106.1007
NVDA,NVIDIA Corp.,2023-06-27,107.1496
NVDA,NVIDIA Corp.,2023-06-28,107.1741
NVDA,NVIDIA Corp.,2023-06-29,109.4808
NVDA,NVIDIA Corp.,2023-06-30,111.4831
NVDA,NVIDIA Corp.,2023-07-03,112.0283
NVDA,NVIDIA Corp.,2023-07-04,106.8071
NVDA,NVIDIA Corp.,2023-07-05,100.0377
NVDA,NVIDIA Corp.,2023-07-06,95.8835
NVDA,NVIDIA Corp.,2023-07-07,99.9723
NVDA,NVIDIA Corp.,2023-07-10,101.6803
NVDA,NVIDIA Corp.,2023-07-11,97.5931
NVDA,NVIDIA Corp.,2023-07-12,99.4535
NVDA,NVIDIA Corp.,2023-07-13,95.7896
NVDA,NVIDIA Corp.,2023-07-14,96.1022
NVDA,NVIDIA Corp.,2023-07-17,98.2413
NVDA,NVIDIA Corp.,2023-07-18,97.7619
NVDA,NVIDIA Corp.,2023-07-19,99.6043
NVDA,NVIDIA Corp.,2023-07-20,101.6525
NVDA,NVIDIA Corp.,2023-07-21,97.1336
NVDA,NVIDIA Corp.,2023-07-24,96.6904
NVDA,NVIDIA Corp.,2023-07-25,97.6367
NVDA,NVIDIA Corp.,2023-07-26,96.095
NVDA,NVIDIA Corp.,2023-07-27,92.5328
NVDA,NVIDIA Corp.,2023-07-28,95.7493
NVDA,NVIDIA Corp.,2023-07-31,96.0687
NVDA,NVIDIA Corp.,2023-08-01,94.3417
NVDA,NVIDIA Corp.,2023-08-02,91.8973
NVDA,NVIDIA Corp.,2023-08-03,91.4613
NVDA,NVIDIA Corp.,2023-08-04,93.929
NVDA,NVIDIA Corp.,2023-08-07,92.453
NVDA,NVIDIA Corp.,2023-08-08,93.3392
NVDA,NVIDIA Corp.,2023-08-09,93.7589
NVDA,NVIDIA Corp.,2023-08-10,92.9574
NVDA,NVIDIA Corp.,2023-08-11,92.719
NVDA,NVIDIA Corp.,2023-08-14,92.6125
NVDA,NVIDIA Corp.,2023-08-15,90.1648
NVDA,NVIDIA Corp.,2023-08-16,86.715
NVDA,NVIDIA Corp.,2023-08-17,88.0303
NVDA,NVIDIA Corp.,2023-08-18,91.0761
NVDA,NVIDIA Corp.,2023-08-21,92.1969
NVDA,NVIDIA Corp.,2023-08-22,90.0297
NVDA,NVIDIA Corp.,2023-08-23,89.9015
NVDA,NVIDIA Corp.,2023-08-24,88.5129
NVDA,NVIDIA Corp.,2023-08-25,85.2805
NVDA,NVIDIA Corp.,2023-08-28,82.9545
NVDA,NVIDIA Corp.,2023-08-29,81.609
NVDA,NVIDIA Corp.,2023-08-30,82.5699
NVDA,NVIDIA Corp.,2023-08-31,80.0882
NVDA,NVIDIA Corp.,2023-09-01,82.2632
NVDA,NVIDIA Corp.,2023-09-04,82.1783
NVDA,NVIDIA Corp.,2023-09-05,84.5499
NVDA,NVIDIA Corp.,2023-09-06,86.5455
NVDA,NVIDIA Corp.,2023-09-07,86.8363
NVDA,NVIDIA Corp.,2023-09-08,86.974
NVDA,NVIDIA Corp.,2023-09-11,87.5507
NVDA,NVIDIA Corp.,2023-09-12,88.1137
NVDA,NVIDIA Corp.,2023-09-13,89.6227
NVDA,NVIDIA Corp.,2023-09-14,93.7821
NVDA,NVIDIA Corp.,2023-09-15,95.2214
NVDA,NVIDIA Corp.,2023-09-18,99.0226
NVDA,NVIDIA Corp.,2023-09-19,101.3692
NVDA,NVIDIA Corp.,2023-09-20,100.4101
NVDA,NVIDIA Corp.,2023-09-21,101.6463
NVDA,NVIDIA Corp.,2023-09-22,103.2701
NVDA,NVIDIA Corp.,2023-09-25,105.5332
NVDA,NVIDIA Corp.,2023-09-26,104.4885
NVDA,NVIDIA Corp.,2023-09-27,107.3355
NVDA,NVIDIA Corp.,2023-09-28,105.6976
NVDA,NVIDIA Corp.,2023-09-29,105.1826
NVDA,NVIDIA Corp.,2023-10-02,106.8685
NVDA,NVIDIA Corp.,2023-10-03,107.255
NVDA,NVIDIA Corp.,2023-10-04,104.9028
NVDA,NVIDIA Corp.,2023-10-05,101.5141
NVDA,NVIDIA Corp.,2023-10-06,100.1364
NVDA,NVIDIA Corp.,2023-10-09,98.327
NVDA,NVIDIA Corp.,2023-10-10,103.6808
NVDA,NVIDIA Corp.,2023-10-11,100.9187
NVDA,NVIDIA Corp.,2023-10-12,97.3055
NVDA,NVIDIA Corp.,2023-10-13,102.7621
NVDA,NVIDIA Corp.,2023-10-16,98.455
NVDA,NVIDIA Corp.,2023-10-17,96.9225
NVDA,NVIDIA Corp.,2023-10-18,98.0623
NVDA,NVIDIA Corp.,2023-10-19,98.0203
NVDA,NVIDIA Corp.,2023-10-20,98.7107
NVDA,NVIDIA Corp.,2023-10-23,102.5406
NVDA,NVIDIA Corp.,2023-10-24,108.6611
NVDA,NVIDIA Corp.,2023-10-25,109.1746
NVDA,NVIDIA Corp.,2023-10-26,110.087
NVDA,NVIDIA Corp.,2023-10-27,109.1392
NVDA,NVIDIA Corp.,2023-10-30,107.5707
NVDA,NVIDIA Corp.,2023-10-31,106.2659
NVDA,NVIDIA Corp.,2023-11-01,106.7071
NVDA,NVIDIA Corp.,2023-11-02,105.2495
NVDA,NVIDIA Corp.,2023-11-03,105.8479
NVDA,NVIDIA Corp.,2023-11-06,104.4194
NVDA,NVIDIA Corp.,2023-11-07,101.3979
NVDA,NVIDIA Corp.,2023-11-08,100.3006
NVDA,NVIDIA Corp.,2023-11-09,99.401
NVDA,NVIDIA Corp.,2023-11-10,97.8744
NVDA,NVIDIA Corp.,2023-11-13,96.5486
NVDA,NVIDIA Corp.,2023-11-14,97.5688
NVDA,NVIDIA Corp.,2023-11-15,94.1357
NVDA,NVIDIA Corp.,2023-11-16,96.0385
NVDA,NVIDIA Corp.,2023-11-17,94.2979
NVDA,NVIDIA Corp.,2023-11-20,93.6894
NVDA,NVIDIA Corp.,2023-11-21,96.3777
NVDA,NVIDIA Corp.,2023-11-22,98.3595
NVDA,NVIDIA Corp.,2023-11-23,93.6434
NVDA,NVIDIA Corp.,2023-11-24,94.1671
NVDA,NVIDIA Corp.,2023-11-27,97.124
NVDA,NVIDIA Corp.,2023-11-28,94.5291
NVDA,NVIDIA Corp.,2023-11-29,93.1634
NVDA,NVIDIA Corp.,2023-11-30,96.0869
NVDA,NVIDIA Corp.,2023-12-01,92.7579
NVDA,NVIDIA Corp.,2023-12-04,96.6744
NVDA,NVIDIA Corp.,2023-12-05,93.2054
NVDA,NVIDIA Corp.,2023-12-06,91.263
NVDA,NVIDIA Corp.,2023-12-07,89.7411
NVDA,NVIDIA Corp.,2023-12-08,88.4979
NVDA,NVIDIA Corp.,2023-12-11,89.9598
NVDA,NVIDIA Corp.,2023-12-12,90.6473
NVDA,NVIDIA Corp.,2023-12-13,90.7822
NVDA,NVIDIA Corp.,2023-12-14,91.0166
NVDA,NVIDIA Corp.,2023-12-15,87.127
NVDA,NVIDIA Corp.,2023-12-18,85.4889
NVDA,NVIDIA Corp.,2023-12-19,87.5909
NVDA,NVIDIA Corp.,2023-12-20,84.7334
NVDA,NVIDIA Corp.,2023-12-21,87.5161
NVDA,NVIDIA Corp.,2023-12-22,86.8626
NVDA,NVIDIA Corp.,2023-12-25,84.3804
NVDA,NVIDIA Corp.,2023-12-26,85.8025
NVDA,NVIDIA Corp.,2023-12-27,87.1804
NVDA,NVIDIA Corp.,2023-12-28,85.4652
NVDA,NVIDIA Corp.,2023-12-29,83.9843
NVDA,NVIDIA Corp.,2024-01-01,81.9337
NVDA,NVIDIA Corp.,2024-01-02,80.4054
NVDA,NVIDIA Corp.,2024-01-03,75.6161
NVDA,NVIDIA Corp.,2024-01-04,74.0973
NVDA,NVIDIA Corp.,2024-01-05,76.2838
NVDA,NVIDIA Corp.,2024-01-08,75.0855
NVDA,NVIDIA Corp.,2024-01-09,75.6008
NVDA,NVIDIA Corp.,2024-01-10,76.9766
NVDA,NVIDIA Corp.,2024-01-11,77.0804
NVDA,NVIDIA Corp.,2024-01-12,75.9316
NVDA,NVIDIA Corp.,2024-01-15,74.6906
NVDA,NVIDIA Corp.,2024-01-16,73.4596
NVDA,NVIDIA Corp.,2024-01-17,73.8642
NVDA,NVIDIA Corp.,2024-01-18,72.9728
NVDA,NVIDIA Corp.,2024-01-19,74.1819
NVDA,NVIDIA Corp.,2024-01-22,77.4026
NVDA,NVIDIA Corp.,2024-01-23,78.2255
NVDA,NVIDIA Corp.,2024-01-24,75.293
NVDA,NVIDIA Corp.,2024-01-25,75.7814
NVDA,NVIDIA Corp.,2024-01-26,75.2452
NVDA,NVIDIA Corp.,2024-01-29,74.3231
NVDA,NVIDIA Corp.,2024-01-30,72.8013
NVDA,NVIDIA Corp.,2024-01-31,72.1664
NVDA,NVIDIA Corp.,2024-02-01,78.1106
NVDA,NVIDIA Corp.,2024-02-02,84.3544
NVDA,NVIDIA Corp.,2024-02-05,88.0146
NVDA,NVIDIA Corp.,2024-02-06,85.8663
NVDA,NVIDIA Corp.,2024-02-07,86.0839
NVDA,NVIDIA Corp.,2024-02-08,88.316
NVDA,NVIDIA Corp.,2024-02-09,87.433
NVDA,NVIDIA Corp.,2024-02-12,88.6736
NVDA,NVIDIA Corp.,2024-02-13,91.062
NVDA,NVIDIA Corp.,2024-02-14,94.5749
NVDA,NVIDIA Corp.,2024-02-15,95.5071
NVDA,NVIDIA Corp.,2024-02-16,96.1795
NVDA,NVIDIA Corp.,2024-02-19,95.4548
NVDA,NVIDIA Corp.,2024-02-20,94.497
NVDA,NVIDIA Corp.,2024-02-21,94.6676
NVDA,NVIDIA Corp.,2024-02-22,94.2235
NVDA,NVIDIA Corp.,2024-02-23,95.9356
NVDA,NVIDIA Corp.,2024-02-26,96.539
NVDA,NVIDIA Corp.,2024-02-27,95.8175
NVDA,NVIDIA Corp.,2024-02-28,99.2835
NVDA,NVIDIA Corp.,2024-02-29,98.2764
NVDA,NVIDIA Corp.,2024-03-01,99.5984
NVDA,NVIDIA Corp.,2024-03-04,100.6768
NVDA,NVIDIA Corp.,2024-03-05,99.0072
NVDA,NVIDIA Corp.,2024-03-06,98.7928
NVDA,NVIDIA Corp.,2024-03-07,99.2017
NVDA,NVIDIA Corp.,2024-03-08,97.6038
NVDA,NVIDIA Corp.,2024-03-11,94.2266
NVDA,NVIDIA Corp.,2024-03-12,100.4944
NVDA,NVIDIA Corp.,2024-03-13,98.6708
NVDA,NVIDIA Corp.,2024-03-14,97.6619
NVDA,NVIDIA Corp.,2024-03-15,96.8133
NVDA,NVIDIA Corp.,2024-03-18,96.5668
NVDA,NVIDIA Corp.,2024-03-19,98.4668
NVDA,NVIDIA Corp.,2024-03-20,100.2594
NVDA,NVIDIA Corp.,2024-03-21,98.564
NVDA,NVIDIA Corp.,2024-03-22,99.2319
NVDA,NVIDIA Corp.,2024-03-25,100.7033
NVDA,NVIDIA Corp.,2024-03-26,100.0109
NVDA,NVIDIA Corp.,2024-03-27,102.6503
NVDA,NVIDIA Corp.,2024-03-28,103.1238
NVDA,NVIDIA Corp.,2024-03-29,105.3363
NVDA,NVIDIA Corp.,2024-04-01,102.4683
NVDA,NVIDIA Corp.,2024-04-02,106.9879
NVDA,NVIDIA Corp.,2024-04-03,106.4228
NVDA,NVIDIA Corp.,2024-04-04,103.6875
NVDA,NVIDIA Corp.,2024-04-05,101.3325
NVDA,NVIDIA Corp.,2024-04-08,99.3402
NVDA,NVIDIA Corp.,2024-04-09,100.1242
NVDA,NVIDIA Corp.,2024-04-10,94.5997
NVDA,NVIDIA Corp.,2024-04-11,92.344
NVDA,NVIDIA Corp.,2024-04-12,94.9541
NVDA,NVIDIA Corp.,2024-04-15,98.0151
NVDA,NVIDIA Corp.,2024-04-16,95.4935
NVDA,NVIDIA Corp.,2024-04-17,95.9628
NVDA,NVIDIA Corp.,2024-04-18,96.6545
NVDA,NVIDIA Corp.,2024-04-19,96.2651
NVDA,NVIDIA Corp.,2024-04-22,95.0942
NVDA,NVIDIA Corp.,2024-04-23,97.2777
NVDA,NVIDIA Corp.,2024-04-24,96.8595
NVDA,NVIDIA Corp.,2024-04-25,97.6039
NVDA,NVIDIA Corp.,2024-04-26,99.824
NVDA,NVIDIA Corp.,2024-04-29,97.7482
NVDA,NVIDIA Corp.,2024-04-30,95.8045
NVDA,NVIDIA Corp.,2024-05-01,101.6371
NVDA,NVIDIA Corp.,2024-05-02,99.3949
NVDA,NVIDIA Corp.,2024-05-03,102.5598
NVDA,NVIDIA Corp.,2024-05-06,105.9901
NVDA,NVIDIA Corp.,2024-05-07,106.5958
NVDA,NVIDIA Corp.,2024-05-08,106.0989
NVDA,NVIDIA Corp.,2024-05-09,106.2164
NVDA,NVIDIA Corp.,2024-05-10,104.5836
NVDA,NVIDIA Corp.,2024-05-13,104.9702
NVDA,NVIDIA Corp.,2024-05-14,104.7309
NVDA,NVIDIA Corp.,2024-05-15,103.6695
NVDA,NVIDIA Corp.,2024-05-16,103.051
NVDA,NVIDIA Corp.,2024-05-17,105.5636
NVDA,NVIDIA Corp.,2024-05-20,105.9221
NVDA,NVIDIA Corp.,2024-05-21,105.6784
NVDA,NVIDIA Corp.,2024-05-22,111.2131
NVDA,NVIDIA Corp.,2024-05-23,111.4949
NVDA,NVIDIA Corp.,2024-05-24,113.5853
NVDA,NVIDIA Corp.,2024-05-27,111.4586
NVDA,NVIDIA Corp.,2024-05-28,108.8905
NVDA,NVIDIA Corp.,2024-05-29,110.5402
NVDA,NVIDIA Corp.,2024-05-30,113.5757
NVDA,NVIDIA Corp.,2024-05-31,105.697
NVDA,NVIDIA Corp.,2024-06-03,107.8125
NVDA,NVIDIA Corp.,2024-06-04,110.243
NVDA,NVIDIA Corp.,2024-06-05,110.6182
NVDA,NVIDIA Corp.,2024-06-06,112.6998
NVDA,NVIDIA Corp.,2024-06-07,110.0398
NVDA,NVIDIA Corp.,2024-06-10,111.3762
NVDA,NVIDIA Corp.,2024-06-11,108.5613
NVDA,NVIDIA Corp.,2024-06-12,108.1289
NVDA,NVIDIA Corp.,2024-06-13,107.307
NVDA,NVIDIA Corp.,2024-06-14,107.909
NVDA,NVIDIA Corp.,2024-06-17,104.5032
NVDA,NVIDIA Corp.,2024-06-18,105.3658
NVDA,NVIDIA Corp.,2024-06-19,106.4755
NVDA,NVIDIA Corp.,2024-06-20,109.7225
NVDA,NVIDIA Corp.,2024-06-21,108.2713
NVDA,NVIDIA Corp.,2024-06-24,109.7486
NVDA,NVIDIA Corp.,2024-06-25,108.0689
NVDA,NVIDIA Corp.,2024-06-26,109.5625
NVDA,NVIDIA Corp.,2024-06-27,107.9123
NVDA,NVIDIA Corp.,2024-06-28,105.1472
NVDA,NVIDIA Corp.,2024-07-01,103.6855
NVDA,NVIDIA Corp.,2024-07-02,107.8981
NVDA,NVIDIA Corp.,2024-07-03,112.0022
NVDA,NVIDIA Corp.,2024-07-04,112.3351
NVDA,NVIDIA Corp.,2024-07-05,112.7797
NVDA,NVIDIA Corp.,2024-07-08,113.9817
NVDA,NVIDIA Corp.,2024-07-09,109.9494
NVDA,NVIDIA Corp.,2024-07-10,115.6708
NVDA,NVIDIA Corp.,2024-07-11,113.1255
NVDA,NVIDIA Corp.,2024-07-12,109.8977
NVDA,NVIDIA Corp.,2024-07-15,109.5393
NVDA,NVIDIA Corp.,2024-07-16,107.0545
NVDA,NVIDIA Corp.,2024-07-17,108.0305
NVDA,NVIDIA Corp.,2024-07-18,109.9159
NVDA,NVIDIA Corp.,2024-07-19,109.14
NVDA,NVIDIA Corp.,2024-07-22,109.7163
NVDA,NVIDIA Corp.,2024-07-23,108.195
NVDA,NVIDIA Corp.,2024-07-24,103.8438
NVDA,NVIDIA Corp.,2024-07-25,100.757
NVDA,NVIDIA Corp.,2024-07-26,105.9947
NVDA,NVIDIA Corp.,2024-07-29,105.8167
NVDA,NVIDIA Corp.,2024-07-30,101.1897
NVDA,NVIDIA Corp.,2024-07-31,98.4888
NVDA,NVIDIA Corp.,2024-08-01,96.5044
NVDA,NVIDIA Corp.,2024-08-02,98.4104
NVDA,NVIDIA Corp.,2024-08-05,98.7892
NVDA,NVIDIA Corp.,2024-08-06,102.5056
NVDA,NVIDIA Corp.,2024-08-07,107.5916
NVDA,NVIDIA Corp.,2024-08-08,109.36
NVDA,NVIDIA Corp.,2024-08-09,110.9782
NVDA,NVIDIA Corp.,2024-08-12,114.5927
NVDA,NVIDIA Corp.,2024-08-13,113.5669
NVDA,NVIDIA Corp.,2024-08-14,112.9451
NVDA,NVIDIA Corp.,2024-08-15,108.4879
NVDA,NVIDIA Corp.,2024-08-16,110.7588
NVDA,NVIDIA Corp.,2024-08-19,108.5057
NVDA,NVIDIA Corp.,2024-08-20,109.3992
NVDA,NVIDIA Corp.,2024-08-21,116.3289
NVDA,NVIDIA Corp.,2024-08-22,112.6256
NVDA,NVIDIA Corp.,2024-08-23,111.3687
NVDA,NVIDIA Corp.,2024-08-26,108.6703
NVDA,NVIDIA Corp.,2024-08-27,105.7111
NVDA,NVIDIA Corp.,2024-08-28,107.7048
NVDA,NVIDIA Corp.,2024-08-29,103.517
NVDA,NVIDIA Corp.,2024-08-30,104.348
NVDA,NVIDIA Corp.,2024-09-02,104.6234
NVDA,NVIDIA Corp.,2024-09-03,107.4802
NVDA,NVIDIA Corp.,2024-09-04,102.8402
NVDA,NVIDIA Corp.,2024-09-05,99.6947
NVDA,NVIDIA Corp.,2024-09-06,102.215
NVDA,NVIDIA Corp.,2024-09-09,97.6415
NVDA,NVIDIA Corp.,2024-09-10,98.0633
NVDA,NVIDIA Corp.,2024-09-11,100.8612
NVDA,NVIDIA Corp.,2024-09-12,97.064
NVDA,NVIDIA Corp.,2024-09-13,94.4803
NVDA,NVIDIA Corp.,2024-09-16,96.5484
NVDA,NVIDIA Corp.,2024-09-17,93.4754
NVDA,NVIDIA Corp.,2024-09-18,95.3928
NVDA,NVIDIA Corp.,2024-09-19,98.1942
NVDA,NVIDIA Corp.,2024-09-20,98.2298
NVDA,NVIDIA Corp.,2024-09-23,97.9636
NVDA,NVIDIA Corp.,2024-09-24,97.7889
NVDA,NVIDIA Corp.,2024-09-25,96.0849
NVDA,NVIDIA Corp.,2024-09-26,97.9606
NVDA,NVIDIA Corp.,2024-09-27,99.6568
NVDA,NVIDIA Corp.,2024-09-30,99.5598
NVDA,NVIDIA Corp.,2024-10-01,100.2271
NVDA,NVIDIA Corp.,2024-10-02,96.7073
NVDA,NVIDIA Corp.,2024-10-03,94.3238
NVDA,NVIDIA Corp.,2024-10-04,89.2718
NVDA,NVIDIA Corp.,2024-10-07,87.8643
NVDA,NVIDIA Corp.,2024-10-08,89.6803
NVDA,NVIDIA Corp.,2024-10-09,90.1833
NVDA,NVIDIA Corp.,2024-10-10,88.9171
NVDA,NVIDIA Corp.,2024-10-11,87.926
NVDA,NVIDIA Corp.,2024-10-14,86.9161
NVDA,NVIDIA Corp.,2024-10-15,89.1231
NVDA,NVIDIA Corp.,2024-10-16,86.4382
NVDA,NVIDIA Corp.,2024-10-17,88.9956
NVDA,NVIDIA Corp.,2024-10-18,90.0767
NVDA,NVIDIA Corp.,2024-10-21,86.6878
NVDA,NVIDIA Corp.,2024-10-22,87.9479
NVDA,NVIDIA Corp.,2024-10-23,89.5046
NVDA,NVIDIA Corp.,2024-10-24,88.5301
NVDA,NVIDIA Corp.,2024-10-25,92.5633
NVDA,NVIDIA Corp.,2024-10-28,90.6702
NVDA,NVIDIA Corp.,2024-10-29,89.7502
NVDA,NVIDIA Corp.,2024-10-30,90.1885
NVDA,NVIDIA Corp.,2024-10-31,91.3145
NVDA,NVIDIA Corp.,2024-11-01,90.8662
NVDA,NVIDIA Corp.,2024-11-04,92.9425
NVDA,NVIDIA Corp.,2024-11-05,91.4896
NVDA,NVIDIA Corp.,2024-11-06,92.6424
NVDA,NVIDIA Corp.,2024-11-07,92.2631
NVDA,NVIDIA Corp.,2024-11-08,92.2704
NVDA,NVIDIA Corp.,2024-11-11,89.9743
NVDA,NVIDIA Corp.,2024-11-12,89.6608
NVDA,NVIDIA Corp.,2024-11-13,86.2444
NVDA,NVIDIA Corp.,2024-11-14,83.1054
NVDA,NVIDIA Corp.,2024-11-15,82.7024
NVDA,NVIDIA Corp.,2024-11-18,84.354
NVDA,NVIDIA Corp.,2024-11-19,82.1288
NVDA,NVIDIA Corp.,2024-11-20,83.0305
NVDA,NVIDIA Corp.,2024-11-21,87.7453
NVDA,NVIDIA Corp.,2024-11-22,88.8837
NVDA,NVIDIA Corp.,2024-11-25,90.1812
NVDA,NVIDIA Corp.,2024-11-26,89.7611
NVDA,NVIDIA Corp.,2024-11-27,85.4305
NVDA,NVIDIA Corp.,2024-11-28,84.4538
NVDA,NVIDIA Corp.,2024-11-29,84.5197
NVDA,NVIDIA Corp.,2024-12-02,82.1012
NVDA,NVIDIA Corp.,2024-12-03,82.4104
NVDA,NVIDIA Corp.,2024-12-04,80.8303
NVDA,NVIDIA Corp.,2024-12-05,82.4965
NVDA,NVIDIA Corp.,2024-12-06,82.6541
NVDA,NVIDIA Corp.,2024-12-09,83.1112
NVDA,NVIDIA Corp.,2024-12-10,83.8882
NVDA,NVIDIA Corp.,2024-12-11,83.5052
NVDA,NVIDIA Corp.,2024-12-12,86.8389
NVDA,NVIDIA Corp.,2024-12-13,84.4007
NVDA,NVIDIA Corp.,2024-12-16,82.6228
NVDA,NVIDIA Corp.,2024-12-17,82.4649
NVDA,NVIDIA Corp.,2024-12-18,82.6958
NVDA,NVIDIA Corp.,2024-12-19,79.9381
NVDA,NVIDIA Corp.,2024-12-20,81.9046
NVDA,NVIDIA Corp.,2024-12-23,81.462
NVDA,NVIDIA Corp.,2024-12-24,82.759
NVDA,NVIDIA Corp.,2024-12-25,81.5487
NVDA,NVIDIA Corp.,2024-12-26,80.4984
NVDA,NVIDIA Corp.,2024-12-27,81.0502
NVDA,NVIDIA Corp.,2024-12-30,80.1367
NVDA,NVIDIA Corp.,2024-12-31,78.7922
EURUSD,EUR/USD spot,2022-09-14,1.09
EURUSD,EUR/USD spot,2022-09-15,1.0961
EURUSD,EUR/USD spot,2022-09-16,1.089
EURUSD,EUR/USD spot,2022-09-19,1.0926
EURUSD,EUR/USD spot,2022-09-20,1.086
EURUSD,EUR/USD spot,2022-09-21,1.0919
EURUSD,EUR/USD spot,2022-09-22,1.0834
EURUSD,EUR/USD spot,2022-09-23,1.0795
EURUSD,EUR/USD spot,2022-09-26,1.0762
EURUSD,EUR/USD spot,2022-09-27,1.0648
EURUSD,EUR/USD spot,2022-09-28,1.0694
EURUSD,EUR/USD spot,2022-09-29,1.0611
EURUSD,EUR/USD spot,2022-09-30,1.0541
EURUSD,EUR/USD spot,2022-10-03,1.0511
EURUSD,EUR/USD spot,2022-10-04,1.0551
EURUSD,EUR/USD spot,2022-10-05,1.0508
EURUSD,EUR/USD spot,2022-10-06,1.0613
EURUSD,EUR/USD spot,2022-10-07,1.0612
EURUSD,EUR/USD spot,2022-10-10,1.0597
EURUSD,EUR/USD spot,2022-10-11,1.0621
EURUSD,EUR/USD spot,2022-10-12,1.0614
EURUSD,EUR/USD spot,2022-10-13,1.0557
EURUSD,EUR/USD spot,2022-10-14,1.0528
EURUSD,EUR/USD spot,2022-10-17,1.0537
EURUSD,EUR/USD spot,2022-10-18,1.0621
EURUSD,EUR/USD spot,2022-10-19,1.0635
EURUSD,EUR/USD spot,2022-10-20,1.0661
EURUSD,EUR/USD spot,2022-10-21,1.0541
EURUSD,EUR/USD spot,2022-10-24,1.0527
EURUSD,EUR/USD spot,2022-10-25,1.0525
EURUSD,EUR/USD spot,2022-10-26,1.0619
EURUSD,EUR/USD spot,2022-10-27,1.0705
EURUSD,EUR/USD spot,2022-10-28,1.0711
EURUSD,EUR/USD spot,2022-10-31,1.074
EURUSD,EUR/USD spot,2022-11-01,1.0736
EURUSD,EUR/USD spot,2022-11-02,1.0696
EURUSD,EUR/USD spot,2022-11-03,1.0697
EURUSD,EUR/USD spot,2022-11-04,1.0677
EURUSD,EUR/USD spot,2022-11-07,1.0694
EURUSD,EUR/USD spot,2022-11-08,1.0731
EURUSD,EUR/USD spot,2022-11-09,1.072
EURUSD,EUR/USD spot,2022-11-10,1.0781
EURUSD,EUR/USD spot,2022-11-11,1.0719
EURUSD,EUR/USD spot,2022-11-14,1.072
EURUSD,EUR/USD spot,2022-11-15,1.0731
EURUSD,EUR/USD spot,2022-11-16,1.0632
EURUSD,EUR/USD spot,2022-11-17,1.0665
EURUSD,EUR/USD spot,2022-11-18,1.0704
EURUSD,EUR/USD spot,2022-11-21,1.0797
EURUSD,EUR/USD spot,2022-11-22,1.0795
EURUSD,EUR/USD spot,2022-11-23,1.0828
EURUSD,EUR/USD spot,2022-11-24,1.0864
EURUSD,EUR/USD spot,2022-11-25,1.0775
EURUSD,EUR/USD spot,2022-11-28,1.0791
EURUSD,EUR/USD spot,2022-11-29,1.0713
EURUSD,EUR/USD spot,2022-11-30,1.0729
EURUSD,EUR/USD spot,2022-12-01,1.0768
EURUSD,EUR/USD spot,2022-12-02,1.0783
EURUSD,EUR/USD spot,2022-12-05,1.0672
EURUSD,EUR/USD spot,2022-12-06,1.0751
EURUSD,EUR/USD spot,2022-12-07,1.0768
EURUSD,EUR/USD spot,2022-12-08,1.0822
EURUSD,EUR/USD spot,2022-12-09,1.0785
EURUSD,EUR/USD spot,2022-12-12,1.0764
EURUSD,EUR/USD spot,2022-12-13,1.0878
EURUSD,EUR/USD spot,2022-12-14,1.0867
EURUSD,EUR/USD spot,2022-12-15,1.0844
EURUSD,EUR/USD spot,2022-12-16,1.0824
EURUSD,EUR/USD spot,2022-12-19,1.0878
EURUSD,EUR/USD spot,2022-12-20,1.0792
EURUSD,EUR/USD spot,2022-12-21,1.0775
EURUSD,EUR/USD spot,2022-12-22,1.0727
EURUSD,EUR/USD spot,2022-12-23,1.0864
EURUSD,EUR/USD spot,2022-12-26,1.0923
EURUSD,EUR/USD spot,2022-12-27,1.0929
EURUSD,EUR/USD spot,2022-12-28,1.0942
EURUSD,EUR/USD spot,2022-12-29,1.093
EURUSD,EUR/USD spot,2022-12-30,1.0905
EURUSD,EUR/USD spot,2023-01-02,1.0897
EURUSD,EUR/USD spot,2023-01-03,1.0995
EURUSD,EUR/USD spot,2023-01-04,1.0979
EURUSD,EUR/USD spot,2023-01-05,1.0964
EURUSD,EUR/USD spot,2023-01-06,1.0981
EURUSD,EUR/USD spot,2023-01-09,1.1064
EURUSD,EUR/USD spot,2023-01-10,1.1091
EURUSD,EUR/USD spot,2023-01-11,1.1032
EURUSD,EUR/USD spot,2023-01-12,1.1035
EURUSD,EUR/USD spot,2023-01-13,1.1037
EURUSD,EUR/USD spot,2023-01-16,1.0963
EURUSD,EUR/USD spot,2023-01-17,1.0923
EURUSD,EUR/USD spot,2023-01-18,1.0942
EURUSD,EUR/USD spot,2023-01-19,1.0918
EURUSD,EUR/USD spot,2023-01-20,1.1012
EURUSD,EUR/USD spot,2023-01-23,1.1032
EURUSD,EUR/USD spot,2023-01-24,1.1006
EURUSD,EUR/USD spot,2023-01-25,1.1003
EURUSD,EUR/USD spot,2023-01-26,1.0952
EURUSD,EUR/USD spot,2023-01-27,1.0916
EURUSD,EUR/USD spot,2023-01-30,1.096
EURUSD,EUR/USD spot,2023-01-31,1.0956
EURUSD,EUR/USD spot,2023-02-01,1.0851
EURUSD,EUR/USD spot,2023-02-02,1.0778
EURUSD,EUR/USD spot,2023-02-03,1.0811
EURUSD,EUR/USD spot,2023-02-06,1.0749
EURUSD,EUR/USD spot,2023-02-07,1.0733
EURUSD,EUR/USD spot,2023-02-08,1.0794
EURUSD,EUR/USD spot,2023-02-09,1.0782
EURUSD,EUR/USD spot,2023-02-10,1.0768
EURUSD,EUR/USD spot,2023-02-13,1.0747
EURUSD,EUR/USD spot,2023-02-14,1.0807
EURUSD,EUR/USD spot,2023-02-15,1.077
EURUSD,EUR/USD spot,2023-02-16,1.0705
EURUSD,EUR/USD spot,2023-02-17,1.071
EURUSD,EUR/USD spot,2023-02-20,1.0801
EURUSD,EUR/USD spot,2023-02-21,1.0822
EURUSD,EUR/USD spot,2023-02-22,1.0909
EURUSD,EUR/USD spot,2023-02-23,1.0979
EURUSD,EUR/USD spot,2023-02-24,1.092
EURUSD,EUR/USD spot,2023-02-27,1.0926
EURUSD,EUR/USD spot,2023-02-28,1.0923
EURUSD,EUR/USD spot,2023-03-01,1.0926
EURUSD,EUR/USD spot,2023-03-02,1.0997
EURUSD,EUR/USD spot,2023-03-03,1.1078
EURUSD,EUR/USD spot,2023-03-06,1.1123
EURUSD,EUR/USD spot,2023-03-07,1.1194
EURUSD,EUR/USD spot,2023-03-08,1.1164
EURUSD,EUR/USD spot,2023-03-09,1.1214
EURUSD,EUR/USD spot,2023-03-10,1.1158
EURUSD,EUR/USD spot,2023-03-13,1.1142
EURUSD,EUR/USD spot,2023-03-14,1.1076
EURUSD,EUR/USD spot,2023-03-15,1.1148
EURUSD,EUR/USD spot,2023-03-16,1.1128
EURUSD,EUR/USD spot,2023-03-17,1.1176
EURUSD,EUR/USD spot,2023-03-20,1.1107
EURUSD,EUR/USD spot,2023-03-21,1.1124
EURUSD,EUR/USD spot,2023-03-22,1.1175
EURUSD,EUR/USD spot,2023-03-23,1.1185
EURUSD,EUR/USD spot,2023-03-24,1.1202
EURUSD,EUR/USD spot,2023-03-27,1.1216
EURUSD,EUR/USD spot,2023-03-28,1.1218
EURUSD,EUR/USD spot,2023-03-29,1.1203
EURUSD,EUR/USD spot,2023-03-30,1.116
EURUSD,EUR/USD spot,2023-03-31,1.1225
EURUSD,EUR/USD spot,2023-04-03,1.1231
EURUSD,EUR/USD spot,2023-04-04,1.1241
EURUSD,EUR/USD spot,2023-04-05,1.1266
EURUSD,EUR/USD spot,2023-04-06,1.12
EURUSD,EUR/USD spot,2023-04-07,1.1129
EURUSD,EUR/USD spot,2023-04-10,1.106
EURUSD,EUR/USD spot,2023-04-11,1.1166
EURUSD,EUR/USD spot,2023-04-12,1.1157
EURUSD,EUR/USD spot,2023-04-13,1.1203
EURUSD,EUR/USD spot,2023-04-14,1.1106
EURUSD,EUR/USD spot,2023-04-17,1.109
EURUSD,EUR/USD spot,2023-04-18,1.1101
EURUSD,EUR/USD spot,2023-04-19,1.1075
EURUSD,EUR/USD spot,2023-04-20,1.1142
EURUSD,EUR/USD spot,2023-04-21,1.1129
EURUSD,EUR/USD spot,2023-04-24,1.113
EURUSD,EUR/USD spot,2023-04-25,1.1199
EURUSD,EUR/USD spot,2023-04-26,1.1297
EURUSD,EUR/USD spot,2023-04-27,1.1323
EURUSD,EUR/USD spot,2023-04-28,1.1303
EURUSD,EUR/USD spot,2023-05-01,1.1293
EURUSD,EUR/USD spot,2023-05-02,1.1368
EURUSD,EUR/USD spot,2023-05-03,1.1312
EURUSD,EUR/USD spot,2023-05-04,1.126
EURUSD,EUR/USD spot,2023-05-05,1.1211
EURUSD,EUR/USD spot,2023-05-08,1.1274
EURUSD,EUR/USD spot,2023-05-09,1.1303
EURUSD,EUR/USD spot,2023-05-10,1.1256
EURUSD,EUR/USD spot,2023-05-11,1.1218
EURUSD,EUR/USD spot,2023-05-12,1.1221
EURUSD,EUR/USD spot,2023-05-15,1.1194
EURUSD,EUR/USD spot,2023-05-16,1.1138
EURUSD,EUR/USD spot,2023-05-17,1.1094
EURUSD,EUR/USD spot,2023-05-18,1.1085
EURUSD,EUR/USD spot,2023-05-19,1.1053
EURUSD,EUR/USD spot,2023-05-22,1.1053
EURUSD,EUR/USD spot,2023-05-23,1.1035
EURUSD,EUR/USD spot,2023-05-24,1.0996
EURUSD,EUR/USD spot,2023-05-25,1.1022
EURUSD,EUR/USD spot,2023-05-26,1.105
EURUSD,EUR/USD spot,2023-05-29,1.0942
EURUSD,EUR/USD spot,2023-05-30,1.0958
EURUSD,EUR/USD spot,2023-05-31,1.0933
EURUSD,EUR/USD spot,2023-06-01,1.0878
EURUSD,EUR/USD spot,2023-06-02,1.092
EURUSD,EUR/USD spot,2023-06-05,1.0935
EURUSD,EUR/USD spot,2023-06-06,1.0968
EURUSD,EUR/USD spot,2023-06-07,1.0938
EURUSD,EUR/USD spot,2023-06-08,1.1039
EURUSD,EUR/USD spot,2023-06-09,1.1068
EURUSD,EUR/USD spot,2023-06-12,1.1035
EURUSD,EUR/USD spot,2023-06-13,1.1143
EURUSD,EUR/USD spot,2023-06-14,1.1097
EURUSD,EUR/USD spot,2023-06-15,1.1183
EURUSD,EUR/USD spot,2023-06-16,1.1166
EURUSD,EUR/USD spot,2023-06-19,1.1132
EURUSD,EUR/USD spot,2023-06-20,1.109
EURUSD,EUR/USD spot,2023-06-21,1.1033
EURUSD,EUR/USD spot,2023-06-22,1.0981
EURUSD,EUR/USD spot,2023-06-23,1.1002
EURUSD,EUR/USD spot,2023-06-26,1.0996
EURUSD,EUR/USD spot,2023-06-27,1.0905
EURUSD,EUR/USD spot,2023-06-28,1.0916
EURUSD,EUR/USD spot,2023-06-29,1.0833
EURUSD,EUR/USD spot,2023-06-30,1.0861
EURUSD,EUR/USD spot,2023-07-03,1.0835
EURUSD,EUR/USD spot,2023-07-04,1.0822
EURUSD,EUR/USD spot,2023-07-05,1.0887
EURUSD,EUR/USD spot,2023-07-06,1.0774
EURUSD,EUR/USD spot,2023-07-07,1.0896
EURUSD,EUR/USD spot,2023-07-10,1.1068
EURUSD,EUR/USD spot,2023-07-11,1.1129
EURUSD,EUR/USD spot,2023-07-12,1.1162
EURUSD,EUR/USD spot,2023-07-13,1.1122
EURUSD,EUR/USD spot,2023-07-14,1.1184
EURUSD,EUR/USD spot,2023-07-17,1.1173
EURUSD,EUR/USD spot,2023-07-18,1.1157
EURUSD,EUR/USD spot,2023-07-19,1.1111
EURUSD,EUR/USD spot,2023-07-20,1.1191
EURUSD,EUR/USD spot,2023-07-21,1.124
EURUSD,EUR/USD spot,2023-07-24,1.1157
EURUSD,EUR/USD spot,2023-07-25,1.1152
EURUSD,EUR/USD spot,2023-07-26,1.1077
EURUSD,EUR/USD spot,2023-07-27,1.113
EURUSD,EUR/USD spot,2023-07-28,1.1078
EURUSD,EUR/USD spot,2023-07-31,1.1074
EURUSD,EUR/USD spot,2023-08-01,1.1106
EURUSD,EUR/USD spot,2023-08-02,1.1095
EURUSD,EUR/USD spot,2023-08-03,1.1025
EURUSD,EUR/USD spot,2023-08-04,1.0999
EURUSD,EUR/USD spot,2023-08-07,1.0924
EURUSD,EUR/USD spot,2023-08-08,1.1004
EURUSD,EUR/USD spot,2023-08-09,1.1056
EURUSD,EUR/USD spot,2023-08-10,1.0957
EURUSD,EUR/USD spot,2023-08-11,1.0892
EURUSD,EUR/USD spot,2023-08-14,1.1018
EURUSD,EUR/USD spot,2023-08-15,1.1055
EURUSD,EUR/USD spot,2023-08-16,1.1037
EURUSD,EUR/USD spot,2023-08-17,1.1089
EURUSD,EUR/USD spot,2023-08-18,1.1109
EURUSD,EUR/USD spot,2023-08-21,1.1154
EURUSD,EUR/USD spot,2023-08-22,1.1132
EURUSD,EUR/USD spot,2023-08-23,1.1225
EURUSD,EUR/USD spot,2023-08-24,1.124
EURUSD,EUR/USD spot,2023-08-25,1.1172
EURUSD,EUR/USD spot,2023-08-28,1.1169
EURUSD,EUR/USD spot,2023-08-29,1.1151
EURUSD,EUR/USD spot,2023-08-30,1.1173
EURUSD,EUR/USD spot,2023-08-31,1.1189
EURUSD,EUR/USD spot,2023-09-01,1.1196
EURUSD,EUR/USD spot,2023-09-04,1.1148
EURUSD,EUR/USD spot,2023-09-05,1.116
EURUSD,EUR/USD spot,2023-09-06,1.1127
EURUSD,EUR/USD spot,2023-09-07,1.122
EURUSD,EUR/USD spot,2023-09-08,1.1154
EURUSD,EUR/USD spot,2023-09-11,1.1138
EURUSD,EUR/USD spot,2023-09-12,1.1109
EURUSD,EUR/USD spot,2023-09-13,1.1052
EURUSD,EUR/USD spot,2023-09-14,1.1075
EURUSD,EUR/USD spot,2023-09-15,1.1093
EURUSD,EUR/USD spot,2023-09-18,1.1104
EURUSD,EUR/USD spot,2023-09-19,1.119
EURUSD,EUR/USD spot,2023-09-20,1.1158
EURUSD,EUR/USD spot,2023-09-21,1.1184
EURUSD,EUR/USD spot,2023-09-22,1.119
EURUSD,EUR/USD spot,2023-09-25,1.1206
EURUSD,EUR/USD spot,2023-09-26,1.1133
EURUSD,EUR/USD spot,2023-09-27,1.1064
EURUSD,EUR/USD spot,2023-09-28,1.1111
EURUSD,EUR/USD spot,2023-09-29,1.1044
EURUSD,EUR/USD spot,2023-10-02,1.1107
EURUSD,EUR/USD spot,2023-10-03,1.1194
EURUSD,EUR/USD spot,2023-10-04,1.1162
EURUSD,EUR/USD spot,2023-10-05,1.1182
EURUSD,EUR/USD spot,2023-10-06,1.1193
EURUSD,EUR/USD spot,2023-10-09,1.1281
EURUSD,EUR/USD spot,2023-10-10,1.1405
EURUSD,EUR/USD spot,2023-10-11,1.1453
EURUSD,EUR/USD spot,2023-10-12,1.1505
EURUSD,EUR/USD spot,2023-10-13,1.1579
EURUSD,EUR/USD spot,2023-10-16,1.1524
EURUSD,EUR/USD spot,2023-10-17,1.152
EURUSD,EUR/USD spot,2023-10-18,1.1573
EURUSD,EUR/USD spot,2023-10-19,1.1546
EURUSD,EUR/USD spot,2023-10-20,1.1645
EURUSD,EUR/USD spot,2023-10-23,1.159
EURUSD,EUR/USD spot,2023-10-24,1.158
EURUSD,EUR/USD spot,2023-10-25,1.1587
EURUSD,EUR/USD spot,2023-10-26,1.1627
EURUSD,EUR/USD spot,2023-10-27,1.1572
EURUSD,EUR/USD spot,2023-10-30,1.155
EURUSD,EUR/USD spot,2023-10-31,1.1571
EURUSD,EUR/USD spot,2023-11-01,1.1576
EURUSD,EUR/USD spot,2023-11-02,1.1609
EURUSD,EUR/USD spot,2023-11-03,1.1559
EURUSD,EUR/USD spot,2023-11-06,1.1492
EURUSD,EUR/USD spot,2023-11-07,1.1323
EURUSD,EUR/USD spot,2023-11-08,1.1243
EURUSD,EUR/USD spot,2023-11-09,1.1209
EURUSD,EUR/USD spot,2023-11-10,1.1118
EURUSD,EUR/USD spot,2023-11-13,1.1088
EURUSD,EUR/USD spot,2023-11-14,1.1128
EURUSD,EUR/USD spot,2023-11-15,1.1093
EURUSD,EUR/USD spot,2023-11-16,1.1137
EURUSD,EUR/USD spot,2023-11-17,1.1171
EURUSD,EUR/USD spot,2023-11-20,1.1165
EURUSD,EUR/USD spot,2023-11-21,1.1199
EURUSD,EUR/USD spot,2023-11-22,1.1243
EURUSD,EUR/USD spot,2023-11-23,1.1158
EURUSD,EUR/USD spot,2023-11-24,1.1243
EURUSD,EUR/USD spot,2023-11-27,1.1135
EURUSD,EUR/USD spot,2023-11-28,1.1144
EURUSD,EUR/USD spot,2023-11-29,1.1103
EURUSD,EUR/USD spot,2023-11-30,1.1066
EURUSD,EUR/USD spot,2023-12-01,1.1071
EURUSD,EUR/USD spot,2023-12-04,1.1044
EURUSD,EUR/USD spot,2023-12-05,1.1028
EURUSD,EUR/USD spot,2023-12-06,1.102
EURUSD,EUR/USD spot,2023-12-07,1.0966
EURUSD,EUR/USD spot,2023-12-08,1.0974
EURUSD,EUR/USD spot,2023-12-11,1.091
EURUSD,EUR/USD spot,2023-12-12,1.0938
EURUSD,EUR/USD spot,2023-12-13,1.087
EURUSD,EUR/USD spot,2023-12-14,1.0882
EURUSD,EUR/USD spot,2023-12-15,1.0854
EURUSD,EUR/USD spot,2023-12-18,1.0936
EURUSD,EUR/USD spot,2023-12-19,1.0884
EURUSD,EUR/USD spot,2023-12-20,1.0952
EURUSD,EUR/USD spot,2023-12-21,1.0934
EURUSD,EUR/USD spot,2023-12-22,1.0848
EURUSD,EUR/USD spot,2023-12-25,1.093
EURUSD,EUR/USD spot,2023-12-26,1.099
EURUSD,EUR/USD spot,2023-12-27,1.1091
EURUSD,EUR/USD spot,2023-12-28,1.1072
EURUSD,EUR/USD spot,2023-12-29,1.113
EURUSD,EUR/USD spot,2024-01-01,1.1225
EURUSD,EUR/USD spot,2024-01-02,1.1244
EURUSD,EUR/USD spot,2024-01-03,1.1419
EURUSD,EUR/USD spot,2024-01-04,1.1417
EURUSD,EUR/USD spot,2024-01-05,1.1489
EURUSD,EUR/USD spot,2024-01-08,1.1453
EURUSD,EUR/USD spot,2024-01-09,1.1426
EURUSD,EUR/USD spot,2024-01-10,1.142
EURUSD,EUR/USD spot,2024-01-11,1.1432
EURUSD,EUR/USD spot,2024-01-12,1.1464
EURUSD,EUR/USD spot,2024-01-15,1.1511
EURUSD,EUR/USD spot,2024-01-16,1.1405
EURUSD,EUR/USD spot,2024-01-17,1.1429
EURUSD,EUR/USD spot,2024-01-18,1.1413
EURUSD,EUR/USD spot,2024-01-19,1.1326
EURUSD,EUR/USD spot,2024-01-22,1.1299
EURUSD,EUR/USD spot,2024-01-23,1.1352
EURUSD,EUR/USD spot,2024-01-24,1.1395
EURUSD,EUR/USD spot,2024-01-25,1.132
EURUSD,EUR/USD spot,2024-01-26,1.1296
EURUSD,EUR/USD spot,2024-01-29,1.1277
EURUSD,EUR/USD spot,2024-01-30,1.1361
EURUSD,EUR/USD spot,2024-01-31,1.1351
EURUSD,EUR/USD spot,2024-02-01,1.1313
EURUSD,EUR/USD spot,2024-02-02,1.1314
EURUSD,EUR/USD spot,2024-02-05,1.1175
EURUSD,EUR/USD spot,2024-02-06,1.1183
EURUSD,EUR/USD spot,2024-02-07,1.1238
EURUSD,EUR/USD spot,2024-02-08,1.1262
EURUSD,EUR/USD spot,2024-02-09,1.1158
EURUSD,EUR/USD spot,2024-02-12,1.1295
EURUSD,EUR/USD spot,2024-02-13,1.1329
EURUSD,EUR/USD spot,2024-02-14,1.1321
EURUSD,EUR/USD spot,2024-02-15,1.1315
EURUSD,EUR/USD spot,2024-02-16,1.1362
EURUSD,EUR/USD spot,2024-02-19,1.1353
EURUSD,EUR/USD spot,2024-02-20,1.1344
EURUSD,EUR/USD spot,2024-02-21,1.1379
EURUSD,EUR/USD spot,2024-02-22,1.1316
EURUSD,EUR/USD spot,2024-02-23,1.1359
EURUSD,EUR/USD spot,2024-02-26,1.1304
EURUSD,EUR/USD spot,2024-02-27,1.1328
EURUSD,EUR/USD spot,2024-02-28,1.1388
EURUSD,EUR/USD spot,2024-02-29,1.1418
EURUSD,EUR/USD spot,2024-03-01,1.1464
EURUSD,EUR/USD spot,2024-03-04,1.1442
EURUSD,EUR/USD spot,2024-03-05,1.1397
EURUSD,EUR/USD spot,2024-03-06,1.1456
EURUSD,EUR/USD spot,2024-03-07,1.1448
EURUSD,EUR/USD spot,2024-03-08,1.1399
EURUSD,EUR/USD spot,2024-03-11,1.1368
EURUSD,EUR/USD spot,2024-03-12,1.1326
EURUSD,EUR/USD spot,2024-03-13,1.1367
EURUSD,EUR/USD spot,2024-03-14,1.14
EURUSD,EUR/USD spot,2024-03-15,1.1484
EURUSD,EUR/USD spot,2024-03-18,1.1419
EURUSD,EUR/USD spot,2024-03-19,1.1422
EURUSD,EUR/USD spot,2024-03-20,1.1417
EURUSD,EUR/USD spot,2024-03-21,1.1297
EURUSD,EUR/USD spot,2024-03-22,1.1293
EURUSD,EUR/USD spot,2024-03-25,1.1327
EURUSD,EUR/USD spot,2024-03-26,1.1279
EURUSD,EUR/USD spot,2024-03-27,1.1208
EURUSD,EUR/USD spot,2024-03-28,1.134
EURUSD,EUR/USD spot,2024-03-29,1.1263
EURUSD,EUR/USD spot,2024-04-01,1.1348
EURUSD,EUR/USD spot,2024-04-02,1.1366
EURUSD,EUR/USD spot,2024-04-03,1.139
EURUSD,EUR/USD spot,2024-04-04,1.1359
EURUSD,EUR/USD spot,2024-04-05,1.1302
EURUSD,EUR/USD spot,2024-04-08,1.1385
EURUSD,EUR/USD spot,2024-04-09,1.1492
EURUSD,EUR/USD spot,2024-04-10,1.1444
EURUSD,EUR/USD spot,2024-04-11,1.1514
EURUSD,EUR/USD spot,2024-04-12,1.1514
EURUSD,EUR/USD spot,2024-04-15,1.156
EURUSD,EUR/USD spot,2024-04-16,1.1548
EURUSD,EUR/USD spot,2024-04-17,1.1508
EURUSD,EUR/USD spot,2024-04-18,1.1418
EURUSD,EUR/USD spot,2024-04-19,1.1319
EURUSD,EUR/USD spot,2024-04-22,1.1311
EURUSD,EUR/USD spot,2024-04-23,1.1297
EURUSD,EUR/USD spot,2024-04-24,1.1228
EURUSD,EUR/USD spot,2024-04-25,1.1135
EURUSD,EUR/USD spot,2024-04-26,1.1089
EURUSD,EUR/USD spot,2024-04-29,1.1109
EURUSD,EUR/USD spot,2024-04-30,1.1156
EURUSD,EUR/USD spot,2024-05-01,1.121
EURUSD,EUR/USD spot,2024-05-02,1.1211
EURUSD,EUR/USD spot,2024-05-03,1.1249
EURUSD,EUR/USD spot,2024-05-06,1.1177
EURUSD,EUR/USD spot,2024-05-07,1.1263
EURUSD,EUR/USD spot,2024-05-08,1.1266
EURUSD,EUR/USD spot,2024-05-09,1.1216
EURUSD,EUR/USD spot,2024-05-10,1.1159
EURUSD,EUR/USD spot,2024-05-13,1.1093
EURUSD,EUR/USD spot,2024-05-14,1.1071
EURUSD,EUR/USD spot,2024-05-15,1.1112
EURUSD,EUR/USD spot,2024-05-16,1.1066
EURUSD,EUR/USD spot,2024-05-17,1.1112
EURUSD,EUR/USD spot,2024-05-20,1.1115
EURUSD,EUR/USD spot,2024-05-21,1.1016
EURUSD,EUR/USD spot,2024-05-22,1.0949
EURUSD,EUR/USD spot,2024-05-23,1.0892
EURUSD,EUR/USD spot,2024-05-24,1.0862
EURUSD,EUR/USD spot,2024-05-27,1.0956
EURUSD,EUR/USD spot,2024-05-28,1.1082
EURUSD,EUR/USD spot,2024-05-29,1.1091
EURUSD,EUR/USD spot,2024-05-30,1.1101
EURUSD,EUR/USD spot,2024-05-31,1.1053
EURUSD,EUR/USD spot,2024-06-03,1.1109
EURUSD,EUR/USD spot,2024-06-04,1.1057
EURUSD,EUR/USD spot,2024-06-05,1.1024
EURUSD,EUR/USD spot,2024-06-06,1.1023
EURUSD,EUR/USD spot,2024-06-07,1.1066
EURUSD,EUR/USD spot,2024-06-10,1.1076
EURUSD,EUR/USD spot,2024-06-11,1.0943
EURUSD,EUR/USD spot,2024-06-12,1.0958
EURUSD,EUR/USD spot,2024-06-13,1.0932
EURUSD,EUR/USD spot,2024-06-14,1.0946
EURUSD,EUR/USD spot,2024-06-17,1.1016
EURUSD,EUR/USD spot,2024-06-18,1.0925
EURUSD,EUR/USD spot,2024-06-19,1.0932
EURUSD,EUR/USD spot,2024-06-20,1.0979
EURUSD,EUR/USD spot,2024-06-21,1.0891
EURUSD,EUR/USD spot,2024-06-24,1.0961
EURUSD,EUR/USD spot,2024-06-25,1.0992
EURUSD,EUR/USD spot,2024-06-26,1.1005
EURUSD,EUR/USD spot,2024-06-27,1.0958
EURUSD,EUR/USD spot,2024-06-28,1.0978
EURUSD,EUR/USD spot,2024-07-01,1.1014
EURUSD,EUR/USD spot,2024-07-02,1.0967
EURUSD,EUR/USD spot,2024-07-03,1.093
EURUSD,EUR/USD spot,2024-07-04,1.0879
EURUSD,EUR/USD spot,2024-07-05,1.0889
EURUSD,EUR/USD spot,2024-07-08,1.0903
EURUSD,EUR/USD spot,2024-07-09,1.0948
EURUSD,EUR/USD spot,2024-07-10,1.0963
EURUSD,EUR/USD spot,2024-07-11,1.0938
EURUSD,EUR/USD spot,2024-07-12,1.0936
EURUSD,EUR/USD spot,2024-07-15,1.0886
EURUSD,EUR/USD spot,2024-07-16,1.0936
EURUSD,EUR/USD spot,2024-07-17,1.0881
EURUSD,EUR/USD spot,2024-07-18,1.0833
EURUSD,EUR/USD spot,2024-07-19,1.0834
EURUSD,EUR/USD spot,2024-07-22,1.0731
EURUSD,EUR/USD spot,2024-07-23,1.0753
EURUSD,EUR/USD spot,2024-07-24,1.0823
EURUSD,EUR/USD spot,2024-07-25,1.0856
EURUSD,EUR/USD spot,2024-07-26,1.0893
EURUSD,EUR/USD spot,2024-07-29,1.092
EURUSD,EUR/USD spot,2024-07-30,1.0921
EURUSD,EUR/USD spot,2024-07-31,1.0918
EURUSD,EUR/USD spot,2024-08-01,1.0856
EURUSD,EUR/USD spot,2024-08-02,1.0875
EURUSD,EUR/USD spot,2024-08-05,1.0922
EURUSD,EUR/USD spot,2024-08-06,1.1026
EURUSD,EUR/USD spot,2024-08-07,1.1005
EURUSD,EUR/USD spot,2024-08-08,1.1026
EURUSD,EUR/USD spot,2024-08-09,1.1052
EURUSD,EUR/USD spot,2024-08-12,1.1032
EURUSD,EUR/USD spot,2024-08-13,1.1008
EURUSD,EUR/USD spot,2024-08-14,1.0986
EURUSD,EUR/USD spot,2024-08-15,1.0972
EURUSD,EUR/USD spot,2024-08-16,1.1061
EURUSD,EUR/USD spot,2024-08-19,1.0969
EURUSD,EUR/USD spot,2024-08-20,1.0906
EURUSD,EUR/USD spot,2024-08-21,1.0831
EURUSD,EUR/USD spot,2024-08-22,1.0849
EURUSD,EUR/USD spot,2024-08-23,1.088
EURUSD,EUR/USD spot,2024-08-26,1.0828
EURUSD,EUR/USD spot,2024-08-27,1.0878
EURUSD,EUR/USD spot,2024-08-28,1.0823
EURUSD,EUR/USD spot,2024-08-29,1.0905
EURUSD,EUR/USD spot,2024-08-30,1.0911
EURUSD,EUR/USD spot,2024-09-02,1.0963
EURUSD,EUR/USD spot,2024-09-03,1.0889
EURUSD,EUR/USD spot,2024-09-04,1.0939
EURUSD,EUR/USD spot,2024-09-05,1.0947
EURUSD,EUR/USD spot,2024-09-06,1.0916
EURUSD,EUR/USD spot,2024-09-09,1.0832
EURUSD,EUR/USD spot,2024-09-10,1.0875
EURUSD,EUR/USD spot,2024-09-11,1.0915
EURUSD,EUR/USD spot,2024-09-12,1.0897
EURUSD,EUR/USD spot,2024-09-13,1.0949
EURUSD,EUR/USD spot,2024-09-16,1.1004
EURUSD,EUR/USD spot,2024-09-17,1.1067
EURUSD,EUR/USD spot,2024-09-18,1.1014
EURUSD,EUR/USD spot,2024-09-19,1.1055
EURUSD,EUR/USD spot,2024-09-20,1.1067
EURUSD,EUR/USD spot,2024-09-23,1.1032
EURUSD,EUR/USD spot,2024-09-24,1.1044
EURUSD,EUR/USD spot,2024-09-25,1.1018
EURUSD,EUR/USD spot,2024-09-26,1.1083
EURUSD,EUR/USD spot,2024-09-27,1.1079
EURUSD,EUR/USD spot,2024-09-30,1.1104
EURUSD,EUR/USD spot,2024-10-01,1.1156
EURUSD,EUR/USD spot,2024-10-02,1.1265
EURUSD,EUR/USD spot,2024-10-03,1.1308
EURUSD,EUR/USD spot,2024-10-04,1.1244
EURUSD,EUR/USD spot,2024-10-07,1.1333
EURUSD,EUR/USD spot,2024-10-08,1.135
EURUSD,EUR/USD spot,2024-10-09,1.142
EURUSD,EUR/USD spot,2024-10-10,1.1433
EURUSD,EUR/USD spot,2024-10-11,1.1418
EURUSD,EUR/USD spot,2024-10-14,1.1343
EURUSD,EUR/USD spot,2024-10-15,1.1357
EURUSD,EUR/USD spot,2024-10-16,1.1406
EURUSD,EUR/USD spot,2024-10-17,1.1379
EURUSD,EUR/USD spot,2024-10-18,1.135
EURUSD,EUR/USD spot,2024-10-21,1.1313
EURUSD,EUR/USD spot,2024-10-22,1.1308
EURUSD,EUR/USD spot,2024-10-23,1.1316
EURUSD,EUR/USD spot,2024-10-24,1.1366
EURUSD,EUR/USD spot,2024-10-25,1.135
EURUSD,EUR/USD spot,2024-10-28,1.1364
EURUSD,EUR/USD spot,2024-10-29,1.1308
EURUSD,EUR/USD spot,2024-10-30,1.1365
EURUSD,EUR/USD spot,2024-10-31,1.1368
EURUSD,EUR/USD spot,2024-11-01,1.1292
EURUSD,EUR/USD spot,2024-11-04,1.1241
EURUSD,EUR/USD spot,2024-11-05,1.1233
EURUSD,EUR/USD spot,2024-11-06,1.1299
EURUSD,EUR/USD spot,2024-11-07,1.1305
EURUSD,EUR/USD spot,2024-11-08,1.1399
EURUSD,EUR/USD spot,2024-11-11,1.1428
EURUSD,EUR/USD spot,2024-11-12,1.1381
EURUSD,EUR/USD spot,2024-11-13,1.1341
EURUSD,EUR/USD spot,2024-11-14,1.1441
EURUSD,EUR/USD spot,2024-11-15,1.1401
EURUSD,EUR/USD spot,2024-11-18,1.1358
EURUSD,EUR/USD spot,2024-11-19,1.1309
EURUSD,EUR/USD spot,2024-11-20,1.1237
EURUSD,EUR/USD spot,2024-11-21,1.1282
EURUSD,EUR/USD spot,2024-11-22,1.1336
EURUSD,EUR/USD spot,2024-11-25,1.1279
EURUSD,EUR/USD spot,2024-11-26,1.1379
EURUSD,EUR/USD spot,2024-11-27,1.1437
EURUSD,EUR/USD spot,2024-11-28,1.1421
EURUSD,EUR/USD spot,2024-11-29,1.1341
EURUSD,EUR/USD spot,2024-12-02,1.132
EURUSD,EUR/USD spot,2024-12-03,1.1299
EURUSD,EUR/USD spot,2024-12-04,1.1342
EURUSD,EUR/USD spot,2024-12-05,1.132
EURUSD,EUR/USD spot,2024-12-06,1.1376
EURUSD,EUR/USD spot,2024-12-09,1.1519
EURUSD,EUR/USD spot,2024-12-10,1.1477
EURUSD,EUR/USD spot,2024-12-11,1.1444
EURUSD,EUR/USD spot,2024-12-12,1.1519
EURUSD,EUR/USD spot,2024-12-13,1.1627
EURUSD,EUR/USD spot,2024-12-16,1.1518
EURUSD,EUR/USD spot,2024-12-17,1.1487
EURUSD,EUR/USD spot,2024-12-18,1.1394
EURUSD,EUR/USD spot,2024-12-19,1.1417
EURUSD,EUR/USD spot,2024-12-20,1.1426
EURUSD,EUR/USD spot,2024-12-23,1.1382
EURUSD,EUR/USD spot,2024-12-24,1.1398
EURUSD,EUR/USD spot,2024-12-25,1.1469
EURUSD,EUR/USD spot,2024-12-26,1.1289
EURUSD,EUR/USD spot,2024-12-27,1.1197
EURUSD,EUR/USD spot,2024-12-30,1.1152
EURUSD,EUR/USD spot,2024-12-31,1.115
XAU,Gold spot,2022-09-14,2450.0
XAU,Gold spot,2022-09-15,2463.5366
XAU,Gold spot,2022-09-16,2477.103
XAU,Gold spot,2022-09-19,2463.065
XAU,Gold spot,2022-09-20,2463.3253
XAU,Gold spot,2022-09-21,2463.8266
XAU,Gold spot,2022-09-22,2465.6531
XAU,Gold spot,2022-09-23,2517.5345
XAU,Gold spot,2022-09-26,2511.2895
XAU,Gold spot,2022-09-27,2504.8707
XAU,Gold spot,2022-09-28,2494.5467
XAU,Gold spot,2022-09-29,2519.5865
XAU,Gold spot,2022-09-30,2510.2745
XAU,Gold spot,2022-10-03,2508.68
XAU,Gold spot,2022-10-04,2530.1427
XAU,Gold spot,2022-10-05,2548.9174
XAU,Gold spot,2022-10-06,2526.0547
XAU,Gold spot,2022-10-07,2570.2589
XAU,Gold spot,2022-10-10,2577.5179
XAU,Gold spot,2022-10-11,2601.2961
XAU,Gold spot,2022-10-12,2609.9624
XAU,Gold spot,2022-10-13,2653.1479
XAU,Gold spot,2022-10-14,2644.9747
XAU,Gold spot,2022-10-17,2629.9934
XAU,Gold spot,2022-10-18,2640.8045
XAU,Gold spot,2022-10-19,2676.2725
XAU,Gold spot,2022-10-20,2676.5835
XAU,Gold spot,2022-10-21,2700.2817
XAU,Gold spot,2022-10-24,2741.2662
XAU,Gold spot,2022-10-25,2705.6792
XAU,Gold spot,2022-10-26,2742.1572
XAU,Gold spot,2022-10-27,2772.8757
XAU,Gold spot,2022-10-28,2761.0784
XAU,Gold spot,2022-10-31,2760.7035
XAU,Gold spot,2022-11-01,2749.4878
XAU,Gold spot,2022-11-02,2772.1355
XAU,Gold spot,2022-11-03,2756.974
XAU,Gold spot,2022-11-04,2774.9881
XAU,Gold spot,2022-11-07,2812.9095
XAU,Gold spot,2022-11-08,2767.779
XAU,Gold spot,2022-11-09,2780.2781
XAU,Gold spot,2022-11-10,2779.5091
XAU,Gold spot,2022-11-11,2767.6947
XAU,Gold spot,2022-11-14,2780.521
XAU,Gold spot,2022-11-15,2778.3109
XAU,Gold spot,2022-11-16,2738.9438
XAU,Gold spot,2022-11-17,2724.4195
XAU,Gold spot,2022-11-18,2724.8253
XAU,Gold spot,2022-11-21,2706.5119
XAU,Gold spot,2022-11-22,2673.2103
XAU,Gold spot,2022-11-23,2737.4204
XAU,Gold spot,2022-11-24,2776.1733
XAU,Gold spot,2022-11-25,2811.5149
XAU,Gold spot,2022-11-28,2815.3742
XAU,Gold spot,2022-11-29,2761.5402
XAU,Gold spot,2022-11-30,2754.9189
XAU,Gold spot,2022-12-01,2769.7606
XAU,Gold spot,2022-12-02,2758.7152
XAU,Gold spot,2022-12-05,2744.1558
XAU,Gold spot,2022-12-06,2753.9866
XAU,Gold spot,2022-12-07,2811.0434
XAU,Gold spot,2022-12-08,2820.5089
XAU,Gold spot,2022-12-09,2825.3483
XAU,Gold spot,2022-12-12,2807.634
XAU,Gold spot,2022-12-13,2850.4538
XAU,Gold spot,2022-12-14,2862.1485
XAU,Gold spot,2022-12-15,2863.9933
XAU,Gold spot,2022-12-16,2859.0771
XAU,Gold spot,2022-12-19,2847.0844
XAU,Gold spot,2022-12-20,2857.5374
XAU,Gold spot,2022-12-21,2918.5228
XAU,Gold spot,2022-12-22,2925.4667
XAU,Gold spot,2022-12-23,2945.9053
XAU,Gold spot,2022-12-26,2930.2839
XAU,Gold spot,2022-12-27,2944.6463
XAU,Gold spot,2022-12-28,2910.6535
XAU,Gold spot,2022-12-29,2956.758
XAU,Gold spot,2022-12-30,2948.1208
XAU,Gold spot,2023-01-02,2968.5976
XAU,Gold spot,2023-01-03,2978.8183
XAU,Gold spot,2023-01-04,3026.249
XAU,Gold spot,2023-01-05,3050.1684
XAU,Gold spot,2023-01-06,3075.5465
XAU,Gold spot,2023-01-09,3035.9248
XAU,Gold spot,2023-01-10,3010.987
XAU,Gold spot,2023-01-11,2985.2927
XAU,Gold spot,2023-01-12,2961.4053
XAU,Gold spot,2023-01-13,2940.6252
XAU,Gold spot,2023-01-16,2968.6627
XAU,Gold spot,2023-01-17,2969.5297
XAU,Gold spot,2023-01-18,2972.2
XAU,Gold spot,2023-01-19,2948.4133
XAU,Gold spot,2023-01-20,2924.2854
XAU,Gold spot,2023-01-23,2888.6842
XAU,Gold spot,2023-01-24,2919.6394
XAU,Gold spot,2023-01-25,2924.1441
XAU,Gold spot,2023-01-26,2945.4036
XAU,Gold spot,2023-01-27,2953.1673
XAU,Gold spot,2023-01-30,2928.8623
XAU,Gold spot,2023-01-31,2927.9547
XAU,Gold spot,2023-02-01,2869.9325
XAU,Gold spot,2023-02-02,2890.1281
XAU,Gold spot,2023-02-03,2891.813
XAU,Gold spot,2023-02-06,2898.6992
XAU,Gold spot,2023-02-07,2902.3913
XAU,Gold spot,2023-02-08,2919.9554
XAU,Gold spot,2023-02-09,2914.175
XAU,Gold spot,2023-02-10,2915.6988
XAU,Gold spot,2023-02-13,2897.4704
XAU,Gold spot,2023-02-14,2891.3068
XAU,Gold spot,2023-02-15,2900.7219
XAU,Gold spot,2023-02-16,2926.4332
XAU,Gold spot,2023-02-17,2916.6426
XAU,Gold spot,2023-02-20,2878.5954
XAU,Gold spot,2023-02-21,2828.4754
XAU,Gold spot,2023-02-22,2821.8089
XAU,Gold spot,2023-02-23,2802.5531
XAU,Gold spot,2023-02-24,2818.6738
XAU,Gold spot,2023-02-27,2863.0097
XAU,Gold spot,2023-02-28,2842.2199
XAU,Gold spot,2023-03-01,2878.3834
XAU,Gold spot,2023-03-02,2912.5011
XAU,Gold spot,2023-03-03,2886.5501
XAU,Gold spot,2023-03-06,2874.8993
XAU,Gold spot,2023-03-07,2895.4045
XAU,Gold spot,2023-03-08,2873.9126
XAU,Gold spot,2023-03-09,2847.2929
XAU,Gold spot,2023-03-10,2869.3631
XAU,Gold spot,2023-03-13,2854.1724
XAU,Gold spot,2023-03-14,2837.6756
XAU,Gold spot,2023-03-15,2856.5454
XAU,Gold spot,2023-03-16,2861.0446
XAU,Gold spot,2023-03-17,2869.4229
XAU,Gold spot,2023-03-20,2911.34
XAU,Gold spot,2023-03-21,2950.4387
XAU,Gold spot,2023-03-22,2905.8785
XAU,Gold spot,2023-03-23,2935.0856
XAU,Gold spot,2023-03-24,2938.9198
XAU,Gold spot,2023-03-27,2951.8028
XAU,Gold spot,2023-03-28,2978.9253
XAU,Gold spot,2023-03-29,3034.7462
XAU,Gold spot,2023-03-30,3062.1785
XAU,Gold spot,2023-03-31,3063.0245
XAU,Gold spot,2023-04-03,3079.9662
XAU,Gold spot,2023-04-04,3039.8107
XAU,Gold spot,2023-04-05,3059.3717
XAU,Gold spot,2023-04-06,3069.6438
XAU,Gold spot,2023-04-07,3038.8471
XAU,Gold spot,2023-04-10,3001.9217
XAU,Gold spot,2023-04-11,2967.4258
XAU,Gold spot,2023-04-12,2947.1265
XAU,Gold spot,2023-04-13,2965.4582
XAU,Gold spot,2023-04-14,2963.1486
XAU,Gold spot,2023-04-17,2946.4076
XAU,Gold spot,2023-04-18,2941.0175
XAU,Gold spot,2023-04-19,2978.3201
XAU,Gold spot,2023-04-20,2972.0627
XAU,Gold spot,2023-04-21,2951.3625
XAU,Gold spot,2023-04-24,3014.9634
XAU,Gold spot,2023-04-25,2993.2555
XAU,Gold spot,2023-04-26,3008.8933
XAU,Gold spot,2023-04-27,3036.0866
XAU,Gold spot,2023-04-28,3042.4389
XAU,Gold spot,2023-05-01,3037.9978
XAU,Gold spot,2023-05-02,3076.6767
XAU,Gold spot,2023-05-03,3082.3921
XAU,Gold spot,2023-05-04,3102.9923
XAU,Gold spot,2023-05-05,3103.7421
XAU,Gold spot,2023-05-08,3154.4818
XAU,Gold spot,2023-05-09,3130.1424
XAU,Gold spot,2023-05-10,3096.0237
XAU,Gold spot,2023-05-11,3073.352
XAU,Gold spot,2023-05-12,3071.8903
XAU,Gold spot,2023-05-15,3066.6871
XAU,Gold spot,2023-05-16,3072.4395
XAU,Gold spot,2023-05-17,3055.8689
XAU,Gold spot,2023-05-18,3071.5809
XAU,Gold spot,2023-05-19,3033.7164
XAU,Gold spot,2023-05-22,3000.6387
XAU,Gold spot,2023-05-23,2995.0092
XAU,Gold spot,2023-05-24,2977.1514
XAU,Gold spot,2023-05-25,2956.3734
XAU,Gold spot,2023-05-26,2941.9205
XAU,Gold spot,2023-05-29,2923.7492
XAU,Gold spot,2023-05-30,2932.7514
XAU,Gold spot,2023-05-31,2953.8654
XAU,Gold spot,2023-06-01,2990.0053
XAU,Gold spot,2023-06-02,2995.9915
XAU,Gold spot,2023-06-05,2978.257
XAU,Gold spot,2023-06-06,2950.0728
XAU,Gold spot,2023-06-07,2922.1264
XAU,Gold spot,2023-06-08,2881.0098
XAU,Gold spot,2023-06-09,2898.5793
XAU,Gold spot,2023-06-12,2946.8926
XAU,Gold spot,2023-06-13,2945.7834
XAU,Gold spot,2023-06-14,2954.1638
XAU,Gold spot,2023-06-15,2895.4825
XAU,Gold spot,2023-06-16,2895.1739
XAU,Gold spot,2023-06-19,2879.5284
XAU,Gold spot,2023-06-20,2882.6593
XAU,Gold spot,2023-06-21,2862.4296
XAU,Gold spot,2023-06-22,2844.2461
XAU,Gold spot,2023-06-23,2822.8958
XAU,Gold spot,2023-06-26,2807.4164
XAU,Gold spot,2023-06-27,2862.3365
XAU,Gold spot,2023-06-28,2881.9535
XAU,Gold spot,2023-06-29,2844.7713
XAU,Gold spot,2023-06-30,2840.1452
XAU,Gold spot,2023-07-03,2831.9644
XAU,Gold spot,2023-07-04,2888.204
XAU,Gold spot,2023-07-05,2841.5836
XAU,Gold spot,2023-07-06,2859.8956
XAU,Gold spot,2023-07-07,2883.4692
XAU,Gold spot,2023-07-10,2943.2014
XAU,Gold spot,2023-07-11,2991.9777
XAU,Gold spot,2023-07-12,2989.0558
XAU,Gold spot,2023-07-13,2946.3021
XAU,Gold spot,2023-07-14,2920.3722
XAU,Gold spot,2023-07-17,2903.4801
XAU,Gold spot,2023-07-18,2899.4109
XAU,Gold spot,2023-07-19,2882.6467
XAU,Gold spot,2023-07-20,2848.1041
XAU,Gold spot,2023-07-21,2866.2731
XAU,Gold spot,2023-07-24,2871.3448
XAU,Gold spot,2023-07-25,2862.2021
XAU,Gold spot,2023-07-26,2850.6432
XAU,Gold spot,2023-07-27,2835.1463
XAU,Gold spot,2023-07-28,2809.393
XAU,Gold spot,2023-07-31,2878.1185
XAU,Gold spot,2023-08-01,2870.4465
XAU,Gold spot,2023-08-02,2855.7544
XAU,Gold spot,2023-08-03,2898.0075
XAU,Gold spot,2023-08-04,2889.7628
XAU,Gold spot,2023-08-07,2899.7038
XAU,Gold spot,2023-08-08,2873.9269
XAU,Gold spot,2023-08-09,2864.6278
XAU,Gold spot,2023-08-10,2817.5118
XAU,Gold spot,2023-08-11,2831.8104
XAU,Gold spot,2023-08-14,2888.8941
XAU,Gold spot,2023-08-15,2897.7565
XAU,Gold spot,2023-08-16,2909.5222
XAU,Gold spot,2023-08-17,2943.9509
XAU,Gold spot,2023-08-18,2978.4881
XAU,Gold spot,2023-08-21,2955.9799
XAU,Gold spot,2023-08-22,2936.9876
XAU,Gold spot,2023-08-23,2929.7961
XAU,Gold spot,2023-08-24,2966.9667
XAU,Gold spot,2023-08-25,2936.2391
XAU,Gold spot,2023-08-28,2922.688
XAU,Gold spot,2023-08-29,2918.0721
XAU,Gold spot,2023-08-30,2920.6671
XAU,Gold spot,2023-08-31,2928.4732
XAU,Gold spot,2023-09-01,2920.0702
XAU,Gold spot,2023-09-04,2955.8297
XAU,Gold spot,2023-09-05,2936.9848
XAU,Gold spot,2023-09-06,2996.4591
XAU,Gold spot,2023-09-07,3004.0764
XAU,Gold spot,2023-09-08,3025.3969
XAU,Gold spot,2023-09-11,2992.0922
XAU,Gold spot,2023-09-12,3003.2173
XAU,Gold spot,2023-09-13,2970.0966
XAU,Gold spot,2023-09-14,2930.9159
XAU,Gold spot,2023-09-15,2954.1769
XAU,Gold spot,2023-09-18,2955.4184
XAU,Gold spot,2023-09-19,2924.6622
XAU,Gold spot,2023-09-20,2870.2152
XAU,Gold spot,2023-09-21,2891.0557
XAU,Gold spot,2023-09-22,2892.523
XAU,Gold spot,2023-09-25,2915.3694
XAU,Gold spot,2023-09-26,2942.676
XAU,Gold spot,2023-09-27,2975.6277
XAU,Gold spot,2023-09-28,2913.6286
XAU,Gold spot,2023-09-29,2826.4035
XAU,Gold spot,2023-10-02,2844.648
XAU,Gold spot,2023-10-03,2794.5892
XAU,Gold spot,2023-10-04,2824.5485
XAU,Gold spot,2023-10-05,2835.4723
XAU,Gold spot,2023-10-06,2835.1783
XAU,Gold spot,2023-10-09,2833.234
XAU,Gold spot,2023-10-10,2790.636
XAU,Gold spot,2023-10-11,2787.9603
XAU,Gold spot,2023-10-12,2782.8947
XAU,Gold spot,2023-10-13,2792.6321
XAU,Gold spot,2023-10-16,2845.1009
XAU,Gold spot,2023-10-17,2830.5294
XAU,Gold spot,2023-10-18,2848.4878
XAU,Gold spot,2023-10-19,2897.0192
XAU,Gold spot,2023-10-20,2876.9076
XAU,Gold spot,2023-10-23,2853.0044
XAU,Gold spot,2023-10-24,2831.4899
XAU,Gold spot,2023-10-25,2799.8219
XAU,Gold spot,2023-10-26,2755.1675
XAU,Gold spot,2023-10-27,2770.8825
XAU,Gold spot,2023-10-30,2810.256
XAU,Gold spot,2023-10-31,2825.4938
XAU,Gold spot,2023-11-01,2810.3392
XAU,Gold spot,2023-11-02,2793.8176
XAU,Gold spot,2023-11-03,2800.3214
XAU,Gold spot,2023-11-06,2780.4494
XAU,Gold spot,2023-11-07,2776.0439
XAU,Gold spot,2023-11-08,2762.0592
XAU,Gold spot,2023-11-09,2785.9956
XAU,Gold spot,2023-11-10,2802.8626
XAU,Gold spot,2023-11-13,2807.1232
XAU,Gold spot,2023-11-14,2777.7575
XAU,Gold spot,2023-11-15,2764.8891
XAU,Gold spot,2023-11-16,2784.9474
XAU,Gold spot,2023-11-17,2833.3496
XAU,Gold spot,2023-11-20,2820.1667
XAU,Gold spot,2023-11-21,2891.4344
XAU,Gold spot,2023-11-22,2881.307
XAU,Gold spot,2023-11-23,2871.3033
XAU,Gold spot,2023-11-24,2881.4194
XAU,Gold spot,2023-11-27,2864.2882
XAU,Gold spot,2023-11-28,2865.9939
XAU,Gold spot,2023-11-29,2870.1315
XAU,Gold spot,2023-11-30,2858.8947
XAU,Gold spot,2023-12-01,2852.3867
XAU,Gold spot,2023-12-04,2868.5277
XAU,Gold spot,2023-12-05,2903.6639
XAU,Gold spot,2023-12-06,2967.3456
XAU,Gold spot,2023-12-07,2973.6682
XAU,Gold spot,2023-12-08,2934.2158
XAU,Gold spot,2023-12-11,2922.7192
XAU,Gold spot,2023-12-12,2879.2581
XAU,Gold spot,2023-12-13,2882.6239
XAU,Gold spot,2023-12-14,2864.8226
XAU,Gold spot,2023-12-15,2874.8443
XAU,Gold spot,2023-12-18,2868.6927
XAU,Gold spot,2023-12-19,2869.6397
XAU,Gold spot,2023-12-20,2859.6562
XAU,Gold spot,2023-12-21,2902.917
XAU,Gold spot,2023-12-22,2853.3551
XAU,Gold spot,2023-12-25,2884.3262
XAU,Gold spot,2023-12-26,2917.1603
XAU,Gold spot,2023-12-27,2935.0612
XAU,Gold spot,2023-12-28,2943.5667
XAU,Gold spot,2023-12-29,2956.5068
XAU,Gold spot,2024-01-01,2945.8649
XAU,Gold spot,2024-01-02,2917.2947
XAU,Gold spot,2024-01-03,2941.02
XAU,Gold spot,2024-01-04,2963.2368
XAU,Gold spot,2024-01-05,2990.6178
XAU,Gold spot,2024-01-08,2988.2038
XAU,Gold spot,2024-01-09,3019.9707
XAU,Gold spot,2024-01-10,3039.8073
XAU,Gold spot,2024-01-11,3096.1876
XAU,Gold spot,2024-01-12,3097.9504
XAU,Gold spot,2024-01-15,3037.3655
XAU,Gold spot,2024-01-16,3008.2358
XAU,Gold spot,2024-01-17,3020.7211
XAU,Gold spot,2024-01-18,2981.8653
XAU,Gold spot,2024-01-19,3002.8866
XAU,Gold spot,2024-01-22,2982.9583
XAU,Gold spot,2024-01-23,2987.5185
XAU,Gold spot,2024-01-24,2996.6366
XAU,Gold spot,2024-01-25,2972.7301
XAU,Gold spot,2024-01-26,2984.6165
XAU,Gold spot,2024-01-29,3018.4704
XAU,Gold spot,2024-01-30,3003.2711
XAU,Gold spot,2024-01-31,2994.2844
XAU,Gold spot,2024-02-01,2977.1206
XAU,Gold spot,2024-02-02,2995.317
XAU,Gold spot,2024-02-05,3023.7263
XAU,Gold spot,2024-02-06,3004.7822
XAU,Gold spot,2024-02-07,2992.7203
XAU,Gold spot,2024-02-08,3016.0034
XAU,Gold spot,2024-02-09,3017.2126
XAU,Gold spot,2024-02-12,3066.2154
XAU,Gold spot,2024-02-13,3063.8896
XAU,Gold spot,2024-02-14,3044.0221
XAU,Gold spot,2024-02-15,3007.5391
XAU,Gold spot,2024-02-16,2987.5329
XAU,Gold spot,2024-02-19,2936.8152
XAU,Gold spot,2024-02-20,2942.9365
XAU,Gold spot,2024-02-21,2989.5981
XAU,Gold spot,2024-02-22,2943.6133
XAU,Gold spot,2024-02-23,2903.0333
XAU,Gold spot,2024-02-26,2869.6354
XAU,Gold spot,2024-02-27,2862.9849
XAU,Gold spot,2024-02-28,2835.5709
XAU,Gold spot,2024-02-29,2856.7523
XAU,Gold spot,2024-03-01,2883.9015
XAU,Gold spot,2024-03-04,2864.0134
XAU,Gold spot,2024-03-05,2856.3117
XAU,Gold spot,2024-03-06,2835.0792
XAU,Gold spot,2024-03-07,2851.9859
XAU,Gold spot,2024-03-08,2900.8628
XAU,Gold spot,2024-03-11,2872.317
XAU,Gold spot,2024-03-12,2858.8858
XAU,Gold spot,2024-03-13,2828.2421
XAU,Gold spot,2024-03-14,2840.6671
XAU,Gold spot,2024-03-15,2852.7584
XAU,Gold spot,2024-03-18,2831.0063
XAU,Gold spot,2024-03-19,2824.3673
XAU,Gold spot,2024-03-20,2885.3383
XAU,Gold spot,2024-03-21,2943.3126
XAU,Gold spot,2024-03-22,2918.9689
XAU,Gold spot,2024-03-25,2919.8164
XAU,Gold spot,2024-03-26,2909.6465
XAU,Gold spot,2024-03-27,2922.7661
XAU,Gold spot,2024-03-28,2892.4724
XAU,Gold spot,2024-03-29,2909.084
XAU,Gold spot,2024-04-01,2939.0953
XAU,Gold spot,2024-04-02,2975.8535
XAU,Gold spot,2024-04-03,2935.7147
XAU,Gold spot,2024-04-04,2989.9341
XAU,Gold spot,2024-04-05,2965.2397
XAU,Gold spot,2024-04-08,2927.4158
XAU,Gold spot,2024-04-09,2962.1615
XAU,Gold spot,2024-04-10,2990.1056
XAU,Gold spot,2024-04-11,2991.3856
XAU,Gold spot,2024-04-12,3020.3353
XAU,Gold spot,2024-04-15,3043.3251
XAU,Gold spot,2024-04-16,3056.1897
XAU,Gold spot,2024-04-17,3027.688
XAU,Gold spot,2024-04-18,3020.467
XAU,Gold spot,2024-04-19,3023.3028
XAU,Gold spot,2024-04-22,3061.0188
XAU,Gold spot,2024-04-23,3110.0538
XAU,Gold spot,2024-04-24,3108.8535
XAU,Gold spot,2024-04-25,3094.0482
XAU,Gold spot,2024-04-26,3073.6144
XAU,Gold spot,2024-04-29,3103.3488
XAU,Gold spot,2024-04-30,3087.0996
XAU,Gold spot,2024-05-01,3153.7424
XAU,Gold spot,2024-05-02,3162.7362
XAU,Gold spot,2024-05-03,3170.3809
XAU,Gold spot,2024-05-06,3194.3158
XAU,Gold spot,2024-05-07,3197.2602
XAU,Gold spot,2024-05-08,3173.4769
XAU,Gold spot,2024-05-09,3180.0133
XAU,Gold spot,2024-05-10,3195.8653
XAU,Gold spot,2024-05-13,3184.114
XAU,Gold spot,2024-05-14,3181.0095
XAU,Gold spot,2024-05-15,3183.372
XAU,Gold spot,2024-05-16,3131.1164
XAU,Gold spot,2024-05-17,3111.4836
XAU,Gold spot,2024-05-20,3110.9022
XAU,Gold spot,2024-05-21,3080.9515
XAU,Gold spot,2024-05-22,3099.0717
XAU,Gold spot,2024-05-23,3118.6498
XAU,Gold spot,2024-05-24,3057.2505
XAU,Gold spot,2024-05-27,3043.9876
XAU,Gold spot,2024-05-28,3060.3949
XAU,Gold spot,2024-05-29,3054.6752
XAU,Gold spot,2024-05-30,3073.2499
XAU,Gold spot,2024-05-31,3095.0195
XAU,Gold spot,2024-06-03,3054.0139
XAU,Gold spot,2024-06-04,3064.8881
XAU,Gold spot,2024-06-05,3042.4589
XAU,Gold spot,2024-06-06,2979.5199
XAU,Gold spot,2024-06-07,2997.4364
XAU,Gold spot,2024-06-10,2978.8809
XAU,Gold spot,2024-06-11,2978.8173
XAU,Gold spot,2024-06-12,3001.8218
XAU,Gold spot,2024-06-13,3034.1722
XAU,Gold spot,2024-06-14,3030.2043
XAU,Gold spot,2024-06-17,3007.1864
XAU,Gold spot,2024-06-18,2992.41
XAU,Gold spot,2024-06-19,3027.0062
XAU,Gold spot,2024-06-20,3020.9718
XAU,Gold spot,2024-06-21,3076.4429
XAU,Gold spot,2024-06-24,3126.27
XAU,Gold spot,2024-06-25,3110.453
XAU,Gold spot,2024-06-26,3168.5805
XAU,Gold spot,2024-06-27,3155.1988
XAU,Gold spot,2024-06-28,3155.6729
XAU,Gold spot,2024-07-01,3158.04
XAU,Gold spot,2024-07-02,3131.0399
XAU,Gold spot,2024-07-03,3137.9632
XAU,Gold spot,2024-07-04,3160.7321
XAU,Gold spot,2024-07-05,3234.8241
XAU,Gold spot,2024-07-08,3281.0051
XAU,Gold spot,2024-07-09,3267.8489
XAU,Gold spot,2024-07-10,3281.6911
XAU,Gold spot,2024-07-11,3321.7004
XAU,Gold spot,2024-07-12,3322.036
XAU,Gold spot,2024-07-15,3300.378
XAU,Gold spot,2024-07-16,3300.5557
XAU,Gold spot,2024-07-17,3268.7391
XAU,Gold spot,2024-07-18,3274.5724
XAU,Gold spot,2024-07-19,3261.6025
XAU,Gold spot,2024-07-22,3301.5908
XAU,Gold spot,2024-07-23,3297.3243
XAU,Gold spot,2024-07-24,3261.6183
XAU,Gold spot,2024-07-25,3286.5999
XAU,Gold spot,2024-07-26,3281.1239
XAU,Gold spot,2024-07-29,3255.0983
XAU,Gold spot,2024-07-30,3266.4183
XAU,Gold spot,2024-07-31,3243.7371
XAU,Gold spot,2024-08-01,3192.5317
XAU,Gold spot,2024-08-02,3157.8858
XAU,Gold spot,2024-08-05,3191.9559
XAU,Gold spot,2024-08-06,3237.3485
XAU,Gold spot,2024-08-07,3224.05
XAU,Gold spot,2024-08-08,3235.0713
XAU,Gold spot,2024-08-09,3181.431
XAU,Gold spot,2024-08-12,3206.7949
XAU,Gold spot,2024-08-13,3201.3154
XAU,Gold spot,2024-08-14,3218.0572
XAU,Gold spot,2024-08-15,3207.9955
XAU,Gold spot,2024-08-16,3205.7351
XAU,Gold spot,2024-08-19,3154.1551
XAU,Gold spot,2024-08-20,3165.4096
XAU,Gold spot,2024-08-21,3147.3837
XAU,Gold spot,2024-08-22,3154.2732
XAU,Gold spot,2024-08-23,3201.9358
XAU,Gold spot,2024-08-26,3124.8698
XAU,Gold spot,2024-08-27,3153.5991
XAU,Gold spot,2024-08-28,3162.2765
XAU,Gold spot,2024-08-29,3169.282
XAU,Gold spot,2024-08-30,3192.9894
XAU,Gold spot,2024-09-02,3176.8945
XAU,Gold spot,2024-09-03,3117.442
XAU,Gold spot,2024-09-04,3095.9318
XAU,Gold spot,2024-09-05,3081.2274
XAU,Gold spot,2024-09-06,3008.8164
XAU,Gold spot,2024-09-09,3019.6833
XAU,Gold spot,2024-09-10,3029.4756
XAU,Gold spot,2024-09-11,2990.8581
XAU,Gold spot,2024-09-12,2987.4085
XAU,Gold spot,2024-09-13,2983.8399
XAU,Gold spot,2024-09-16,2979.1212
XAU,Gold spot,2024-09-17,2973.0159
XAU,Gold spot,2024-09-18,2997.2779
XAU,Gold spot,2024-09-19,2998.0636
XAU,Gold spot,2024-09-20,3051.7484
XAU,Gold spot,2024-09-23,3053.1489
XAU,Gold spot,2024-09-24,3086.4505
XAU,Gold spot,2024-09-25,3123.0739
XAU,Gold spot,2024-09-26,3073.1332
XAU,Gold spot,2024-09-27,3076.4785
XAU,Gold spot,2024-09-30,3086.0973
XAU,Gold spot,2024-10-01,3099.7552
XAU,Gold spot,2024-10-02,3110.0012
XAU,Gold spot,2024-10-03,3143.6593
XAU,Gold spot,2024-10-04,3167.2036
XAU,Gold spot,2024-10-07,3156.5544
XAU,Gold spot,2024-10-08,3190.0831
XAU,Gold spot,2024-10-09,3181.493
XAU,Gold spot,2024-10-10,3190.5163
XAU,Gold spot,2024-10-11,3171.0783
XAU,Gold spot,2024-10-14,3128.3041
XAU,Gold spot,2024-10-15,3092.2064
XAU,Gold spot,2024-10-16,3133.7869
XAU,Gold spot,2024-10-17,3154.2922
XAU,Gold spot,2024-10-18,3132.2453
XAU,Gold spot,2024-10-21,3151.2838
XAU,Gold spot,2024-10-22,3119.9685
XAU,Gold spot,2024-10-23,3093.2573
XAU,Gold spot,2024-10-24,3038.8845
XAU,Gold spot,2024-10-25,3024.3777
XAU,Gold spot,2024-10-28,3037.7522
XAU,Gold spot,2024-10-29,3107.0778
XAU,Gold spot,2024-10-30,3094.8089
XAU,Gold spot,2024-10-31,3099.6378
XAU,Gold spot,2024-11-01,3108.4095
XAU,Gold spot,2024-11-04,3132.2633
XAU,Gold spot,2024-11-05,3108.9515
XAU,Gold spot,2024-11-06,3072.6351
XAU,Gold spot,2024-11-07,3095.7258
XAU,Gold spot,2024-11-08,3056.0382
XAU,Gold spot,2024-11-11,3068.6495
XAU,Gold spot,2024-11-12,3051.1437
XAU,Gold spot,2024-11-13,3049.6676
XAU,Gold spot,2024-11-14,3061.2618
XAU,Gold spot,2024-11-15,3007.5611
XAU,Gold spot,2024-11-18,3068.3818
XAU,Gold spot,2024-11-19,3026.0252
XAU,Gold spot,2024-11-20,2990.8019
XAU,Gold spot,2024-11-21,3004.2877
XAU,Gold spot,2024-11-22,2913.4871
XAU,Gold spot,2024-11-25,2886.8758
XAU,Gold spot,2024-11-26,2891.3255
XAU,Gold spot,2024-11-27,2878.831
XAU,Gold spot,2024-11-28,2873.0091
XAU,Gold spot,2024-11-29,2860.4389
XAU,Gold spot,2024-12-02,2849.0176
XAU,Gold spot,2024-12-03,2834.7885
XAU,Gold spot,2024-12-04,2884.3896
XAU,Gold spot,2024-12-05,2897.4803
XAU,Gold spot,2024-12-06,2863.8941
XAU,Gold spot,2024-12-09,2851.1288
XAU,Gold spot,2024-12-10,2870.7997
XAU,Gold spot,2024-12-11,2904.0878
XAU,Gold spot,2024-12-12,2862.0901
XAU,Gold spot,2024-12-13,2854.5496
XAU,Gold spot,2024-12-16,2784.6196
XAU,Gold spot,2024-12-17,2762.583
XAU,Gold spot,2024-12-18,2802.4746
XAU,Gold spot,2024-12-19,2815.3434
XAU,Gold spot,2024-12-20,2800.3992
XAU,Gold spot,2024-12-23,2763.7028
XAU,Gold spot,2024-12-24,2755.8793
XAU,Gold spot,2024-12-25,2750.4778
XAU,Gold spot,2024-12-26,2750.3722
XAU,Gold spot,2024-12-27,2762.9463
XAU,Gold spot,2024-12-30,2759.816
XAU,Gold spot,2024-12-31,2705.5588
UST10Y,US Treasury 10Y,2022-09-14,4.2
UST10Y,US Treasury 10Y,2022-09-15,4.1983
UST10Y,US Treasury 10Y,2022-09-16,4.2315
UST10Y,US Treasury 10Y,2022-09-19,4.2848
UST10Y,US Treasury 10Y,2022-09-20,4.2834
UST10Y,US Treasury 10Y,2022-09-21,4.2769
UST10Y,US Treasury 10Y,2022-09-22,4.3056
UST10Y,US Treasury 10Y,2022-09-23,4.3072
UST10Y,US Treasury 10Y,2022-09-26,4.3293
UST10Y,US Treasury 10Y,2022-09-27,4.3732
UST10Y,US Treasury 10Y,2022-09-28,4.3887
UST10Y,US Treasury 10Y,2022-09-29,4.4189
UST10Y,US Treasury 10Y,2022-09-30,4.3545
UST10Y,US Treasury 10Y,2022-10-03,4.3834
UST10Y,US Treasury 10Y,2022-10-04,4.379
UST10Y,US Treasury 10Y,2022-10-05,4.3533
UST10Y,US Treasury 10Y,2022-10-06,4.3493
UST10Y,US Treasury 10Y,2022-10-07,4.317
UST10Y,US Treasury 10Y,2022-10-10,4.2853
UST10Y,US Treasury 10Y,2022-10-11,4.2306
UST10Y,US Treasury 10Y,2022-10-12,4.2136
UST10Y,US Treasury 10Y,2022-10-13,4.1776
UST10Y,US Treasury 10Y,2022-10-14,4.1566
UST10Y,US Treasury 10Y,2022-10-17,4.1778
UST10Y,US Treasury 10Y,2022-10-18,4.1794
UST10Y,US Treasury 10Y,2022-10-19,4.1456
UST10Y,US Treasury 10Y,2022-10-20,4.1575
UST10Y,US Treasury 10Y,2022-10-21,4.1837
UST10Y,US Treasury 10Y,2022-10-24,4.1843
UST10Y,US Treasury 10Y,2022-10-25,4.1847
UST10Y,US Treasury 10Y,2022-10-26,4.1817
UST10Y,US Treasury 10Y,2022-10-27,4.1549
UST10Y,US Treasury 10Y,2022-10-28,4.1822
UST10Y,US Treasury 10Y,2022-10-31,4.1942
UST10Y,US Treasury 10Y,2022-11-01,4.1916
UST10Y,US Treasury 10Y,2022-11-02,4.1897
UST10Y,US Treasury 10Y,2022-11-03,4.1852
UST10Y,US Treasury 10Y,2022-11-04,4.2243
UST10Y,US Treasury 10Y,2022-11-07,4.2157
UST10Y,US Treasury 10Y,2022-11-08,4.1698
UST10Y,US Treasury 10Y,2022-11-09,4.1726
UST10Y,US Treasury 10Y,2022-11-10,4.1955
UST10Y,US Treasury 10Y,2022-11-11,4.2124
UST10Y,US Treasury 10Y,2022-11-14,4.2012
UST10Y,US Treasury 10Y,2022-11-15,4.1571
UST10Y,US Treasury 10Y,2022-11-16,4.2112
UST10Y,US Treasury 10Y,2022-11-17,4.1838
UST10Y,US Treasury 10Y,2022-11-18,4.1863
UST10Y,US Treasury 10Y,2022-11-21,4.1807
UST10Y,US Treasury 10Y,2022-11-22,4.162
UST10Y,US Treasury 10Y,2022-11-23,4.1491
UST10Y,US Treasury 10Y,2022-11-24,4.1182
UST10Y,US Treasury 10Y,2022-11-25,4.0927
UST10Y,US Treasury 10Y,2022-11-28,4.0774
UST10Y,US Treasury 10Y,2022-11-29,4.0719
UST10Y,US Treasury 10Y,2022-11-30,4.1329
UST10Y,US Treasury 10Y,2022-12-01,4.1046
UST10Y,US Treasury 10Y,2022-12-02,4.1316
UST10Y,US Treasury 10Y,2022-12-05,4.131
UST10Y,US Treasury 10Y,2022-12-06,4.118
UST10Y,US Treasury 10Y,2022-12-07,4.0783
UST10Y,US Treasury 10Y,2022-12-08,4.0738
UST10Y,US Treasury 10Y,2022-12-09,4.044
UST10Y,US Treasury 10Y,2022-12-12,4.0482
UST10Y,US Treasury 10Y,2022-12-13,4.0541
UST10Y,US Treasury 10Y,2022-12-14,4.0202
UST10Y,US Treasury 10Y,2022-12-15,4.0466
UST10Y,US Treasury 10Y,2022-12-16,4.0395
UST10Y,US Treasury 10Y,2022-12-19,4.0379
UST10Y,US Treasury 10Y,2022-12-20,4.043
UST10Y,US Treasury 10Y,2022-12-21,4.0314
UST10Y,US Treasury 10Y,2022-12-22,4.0564
UST10Y,US Treasury 10Y,2022-12-23,4.0969
UST10Y,US Treasury 10Y,2022-12-26,4.1006
UST10Y,US Treasury 10Y,2022-12-27,4.1242
UST10Y,US Treasury 10Y,2022-12-28,4.174
UST10Y,US Treasury 10Y,2022-12-29,4.1925
UST10Y,US Treasury 10Y,2022-12-30,4.1872
UST10Y,US Treasury 10Y,2023-01-02,4.2199
UST10Y,US Treasury 10Y,2023-01-03,4.2245
UST10Y,US Treasury 10Y,2023-01-04,4.2205
UST10Y,US Treasury 10Y,2023-01-05,4.183
UST10Y,US Treasury 10Y,2023-01-06,4.1876
UST10Y,US Treasury 10Y,2023-01-09,4.1658
UST10Y,US Treasury 10Y,2023-01-10,4.173
UST10Y,US Treasury 10Y,2023-01-11,4.1178
UST10Y,US Treasury 10Y,2023-01-12,4.0871
UST10Y,US Treasury 10Y,2023-01-13,4.1252
UST10Y,US Treasury 10Y,2023-01-16,4.1712
UST10Y,US Treasury 10Y,2023-01-17,4.1806
UST10Y,US Treasury 10Y,2023-01-18,4.1874
UST10Y,US Treasury 10Y,2023-01-19,4.125
UST10Y,US Treasury 10Y,2023-01-20,4.1361
UST10Y,US Treasury 10Y,2023-01-23,4.1167
UST10Y,US Treasury 10Y,2023-01-24,4.0582
UST10Y,US Treasury 10Y,2023-01-25,4.0298
UST10Y,US Treasury 10Y,2023-01-26,4.0
UST10Y,US Treasury 10Y,2023-01-27,4.0146
UST10Y,US Treasury 10Y,2023-01-30,4.017
UST10Y,US Treasury 10Y,2023-01-31,4.0764
UST10Y,US Treasury 10Y,2023-02-01,4.113
UST10Y,US Treasury 10Y,2023-02-02,4.1131
UST10Y,US Treasury 10Y,2023-02-03,4.1257
UST10Y,US Treasury 10Y,2023-02-06,4.092
UST10Y,US Treasury 10Y,2023-02-07,4.113
UST10Y,US Treasury 10Y,2023-02-08,4.1031
UST10Y,US Treasury 10Y,2023-02-09,4.1067
UST10Y,US Treasury 10Y,2023-02-10,4.1151
UST10Y,US Treasury 10Y,2023-02-13,4.1161
UST10Y,US Treasury 10Y,2023-02-14,4.105
UST10Y,US Treasury 10Y,2023-02-15,4.1244
UST10Y,US Treasury 10Y,2023-02-16,4.1446
UST10Y,US Treasury 10Y,2023-02-17,4.0782
UST10Y,US Treasury 10Y,2023-02-20,4.0623
UST10Y,US Treasury 10Y,2023-02-21,4.0574
UST10Y,US Treasury 10Y,2023-02-22,4.0422
UST10Y,US Treasury 10Y,2023-02-23,4.0464
UST10Y,US Treasury 10Y,2023-02-24,4.0685
UST10Y,US Treasury 10Y,2023-02-27,4.0722
UST10Y,US Treasury 10Y,2023-02-28,4.0682
UST10Y,US Treasury 10Y,2023-03-01,4.0955
UST10Y,US Treasury 10Y,2023-03-02,4.1058
UST10Y,US Treasury 10Y,2023-03-03,4.1144
UST10Y,US Treasury 10Y,2023-03-06,4.1707
UST10Y,US Treasury 10Y,2023-03-07,4.2015
UST10Y,US Treasury 10Y,2023-03-08,4.1764
UST10Y,US Treasury 10Y,2023-03-09,4.2144
UST10Y,US Treasury 10Y,2023-03-10,4.1967
UST10Y,US Treasury 10Y,2023-03-13,4.2044
UST10Y,US Treasury 10Y,2023-03-14,4.1564
UST10Y,US Treasury 10Y,2023-03-15,4.1847
UST10Y,US Treasury 10Y,2023-03-16,4.1394
UST10Y,US Treasury 10Y,2023-03-17,4.152
UST10Y,US Treasury 10Y,2023-03-20,4.209
UST10Y,US Treasury 10Y,2023-03-21,4.2258
UST10Y,US Treasury 10Y,2023-03-22,4.2268
UST10Y,US Treasury 10Y,2023-03-23,4.1993
UST10Y,US Treasury 10Y,2023-03-24,4.1905
UST10Y,US Treasury 10Y,2023-03-27,4.2133
UST10Y,US Treasury 10Y,2023-03-28,4.1494
UST10Y,US Treasury 10Y,2023-03-29,4.1186
UST10Y,US Treasury 10Y,2023-03-30,4.1492
UST10Y,US Treasury 10Y,2023-03-31,4.1343
UST10Y,US Treasury 10Y,2023-04-03,4.1615
UST10Y,US Treasury 10Y,2023-04-04,4.1756
UST10Y,US Treasury 10Y,2023-04-05,4.1484
UST10Y,US Treasury 10Y,2023-04-06,4.1412
UST10Y,US Treasury 10Y,2023-04-07,4.1755
UST10Y,US Treasury 10Y,2023-04-10,4.1635
UST10Y,US Treasury 10Y,2023-04-11,4.1594
UST10Y,US Treasury 10Y,2023-04-12,4.1709
UST10Y,US Treasury 10Y,2023-04-13,4.153
UST10Y,US Treasury 10Y,2023-04-14,4.1424
UST10Y,US Treasury 10Y,2023-04-17,4.153
UST10Y,US Treasury 10Y,2023-04-18,4.145
UST10Y,US Treasury 10Y,2023-04-19,4.1422
UST10Y,US Treasury 10Y,2023-04-20,4.157
UST10Y,US Treasury 10Y,2023-04-21,4.2039
UST10Y,US Treasury 10Y,2023-04-24,4.2007
UST10Y,US Treasury 10Y,2023-04-25,4.1835
UST10Y,US Treasury 10Y,2023-04-26,4.2631
UST10Y,US Treasury 10Y,2023-04-27,4.2895
UST10Y,US Treasury 10Y,2023-04-28,4.2371
UST10Y,US Treasury 10Y,2023-05-01,4.224
UST10Y,US Treasury 10Y,2023-05-02,4.1797
UST10Y,US Treasury 10Y,2023-05-03,4.2005
UST10Y,US Treasury 10Y,2023-05-04,4.1694
UST10Y,US Treasury 10Y,2023-05-05,4.157
UST10Y,US Treasury 10Y,2023-05-08,4.2026
UST10Y,US Treasury 10Y,2023-05-09,4.1858
UST10Y,US Treasury 10Y,2023-05-10,4.1867
UST10Y,US Treasury 10Y,2023-05-11,4.1975
UST10Y,US Treasury 10Y,2023-05-12,4.2261
UST10Y,US Treasury 10Y,2023-05-15,4.2562
UST10Y,US Treasury 10Y,2023-05-16,4.2988
UST10Y,US Treasury 10Y,2023-05-17,4.2818
UST10Y,US Treasury 10Y,2023-05-18,4.2951
UST10Y,US Treasury 10Y,2023-05-19,4.2481
UST10Y,US Treasury 10Y,2023-05-22,4.2485
UST10Y,US Treasury 10Y,2023-05-23,4.2435
UST10Y,US Treasury 10Y,2023-05-24,4.2923
UST10Y,US Treasury 10Y,2023-05-25,4.3011
UST10Y,US Treasury 10Y,2023-05-26,4.2908
UST10Y,US Treasury 10Y,2023-05-29,4.2803
UST10Y,US Treasury 10Y,2023-05-30,4.2548
UST10Y,US Treasury 10Y,2023-05-31,4.2405
UST10Y,US Treasury 10Y,2023-06-01,4.2208
UST10Y,US Treasury 10Y,2023-06-02,4.2194
UST10Y,US Treasury 10Y,2023-06-05,4.2024
UST10Y,US Treasury 10Y,2023-06-06,4.2018
UST10Y,US Treasury 10Y,2023-06-07,4.2289
UST10Y,US Treasury 10Y,2023-06-08,4.1967
UST10Y,US Treasury 10Y,2023-06-09,4.1745
UST10Y,US Treasury 10Y,2023-06-12,4.1386
UST10Y,US Treasury 10Y,2023-06-13,4.1923
UST10Y,US Treasury 10Y,2023-06-14,4.2367
UST10Y,US Treasury 10Y,2023-06-15,4.2493
UST10Y,US Treasury 10Y,2023-06-16,4.2496
UST10Y,US Treasury 10Y,2023-06-19,4.2224
UST10Y,US Treasury 10Y,2023-06-20,4.2489
UST10Y,US Treasury 10Y,2023-06-21,4.2505
UST10Y,US Treasury 10Y,2023-06-22,4.2609
UST10Y,US Treasury 10Y,2023-06-23,4.2625
UST10Y,US Treasury 10Y,2023-06-26,4.1832
UST10Y,US Treasury 10Y,2023-06-27,4.1375
UST10Y,US Treasury 10Y,2023-06-28,4.1226
UST10Y,US Treasury 10Y,2023-06-29,4.1358
UST10Y,US Treasury 10Y,2023-06-30,4.108
UST10Y,US Treasury 10Y,2023-07-03,4.1118
UST10Y,US Treasury 10Y,2023-07-04,4.1014
UST10Y,US Treasury 10Y,2023-07-05,4.0712
UST10Y,US Treasury 10Y,2023-07-06,4.0871
UST10Y,US Treasury 10Y,2023-07-07,4.0563
UST10Y,US Treasury 10Y,2023-07-10,4.0221
UST10Y,US Treasury 10Y,2023-07-11,4.0652
UST10Y,US Treasury 10Y,2023-07-12,4.1031
UST10Y,US Treasury 10Y,2023-07-13,4.1093
UST10Y,US Treasury 10Y,2023-07-14,4.1401
UST10Y,US Treasury 10Y,2023-07-17,4.1221
UST10Y,US Treasury 10Y,2023-07-18,4.1155
UST10Y,US Treasury 10Y,2023-07-19,4.1261
UST10Y,US Treasury 10Y,2023-07-20,4.1369
UST10Y,US Treasury 10Y,2023-07-21,4.1531
UST10Y,US Treasury 10Y,2023-07-24,4.1188
UST10Y,US Treasury 10Y,2023-07-25,4.1456
UST10Y,US Treasury 10Y,2023-07-26,4.1172
UST10Y,US Treasury 10Y,2023-07-27,4.1167
UST10Y,US Treasury 10Y,2023-07-28,4.1883
UST10Y,US Treasury 10Y,2023-07-31,4.217
UST10Y,US Treasury 10Y,2023-08-01,4.2049
UST10Y,US Treasury 10Y,2023-08-02,4.2158
UST10Y,US Treasury 10Y,2023-08-03,4.1975
UST10Y,US Treasury 10Y,2023-08-04,4.1808
UST10Y,US Treasury 10Y,2023-08-07,4.1603
UST10Y,US Treasury 10Y,2023-08-08,4.1528
UST10Y,US Treasury 10Y,2023-08-09,4.1546
UST10Y,US Treasury 10Y,2023-08-10,4.1739
UST10Y,US Treasury 10Y,2023-08-11,4.2355
UST10Y,US Treasury 10Y,2023-08-14,4.251
UST10Y,US Treasury 10Y,2023-08-15,4.261
UST10Y,US Treasury 10Y,2023-08-16,4.2322
UST10Y,US Treasury 10Y,2023-08-17,4.2701
UST10Y,US Treasury 10Y,2023-08-18,4.2765
UST10Y,US Treasury 10Y,2023-08-21,4.3233
UST10Y,US Treasury 10Y,2023-08-22,4.3289
UST10Y,US Treasury 10Y,2023-08-23,4.3796
UST10Y,US Treasury 10Y,2023-08-24,4.3668
UST10Y,US Treasury 10Y,2023-08-25,4.3596
UST10Y,US Treasury 10Y,2023-08-28,4.357
UST10Y,US Treasury 10Y,2023-08-29,4.3524
UST10Y,US Treasury 10Y,2023-08-30,4.364
UST10Y,US Treasury 10Y,2023-08-31,4.3719
UST10Y,US Treasury 10Y,2023-09-01,4.3181
UST10Y,US Treasury 10Y,2023-09-04,4.2874
UST10Y,US Treasury 10Y,2023-09-05,4.2655
UST10Y,US Treasury 10Y,2023-09-06,4.2811
UST10Y,US Treasury 10Y,2023-09-07,4.2713
UST10Y,US Treasury 10Y,2023-09-08,4.2897
UST10Y,US Treasury 10Y,2023-09-11,4.307
UST10Y,US Treasury 10Y,2023-09-12,4.3122
UST10Y,US Treasury 10Y,2023-09-13,4.2565
UST10Y,US Treasury 10Y,2023-09-14,4.3103
UST10Y,US Treasury 10Y,2023-09-15,4.3249
UST10Y,US Treasury 10Y,2023-09-18,4.3125
UST10Y,US Treasury 10Y,2023-09-19,4.325
UST10Y,US Treasury 10Y,2023-09-20,4.3154
UST10Y,US Treasury 10Y,2023-09-21,4.3216
UST10Y,US Treasury 10Y,2023-09-22,4.3033
UST10Y,US Treasury 10Y,2023-09-25,4.3669
UST10Y,US Treasury 10Y,2023-09-26,4.3645
UST10Y,US Treasury 10Y,2023-09-27,4.3823
UST10Y,US Treasury 10Y,2023-09-28,4.3694
UST10Y,US Treasury 10Y,2023-09-29,4.3991
UST10Y,US Treasury 10Y,2023-10-02,4.4471
UST10Y,US Treasury 10Y,2023-10-03,4.4613
UST10Y,US Treasury 10Y,2023-10-04,4.4467
UST10Y,US Treasury 10Y,2023-10-05,4.4625
UST10Y,US Treasury 10Y,2023-10-06,4.4664
UST10Y,US Treasury 10Y,2023-10-09,4.4997
UST10Y,US Treasury 10Y,2023-10-10,4.5167
UST10Y,US Treasury 10Y,2023-10-11,4.5356
UST10Y,US Treasury 10Y,2023-10-12,4.5391
UST10Y,US Treasury 10Y,2023-10-13,4.5404
UST10Y,US Treasury 10Y,2023-10-16,4.5493
UST10Y,US Treasury 10Y,2023-10-17,4.5947
UST10Y,US Treasury 10Y,2023-10-18,4.6016
UST10Y,US Treasury 10Y,2023-10-19,4.626
UST10Y,US Treasury 10Y,2023-10-20,4.6188
UST10Y,US Treasury 10Y,2023-10-23,4.615
UST10Y,US Treasury 10Y,2023-10-24,4.5848
UST10Y,US Treasury 10Y,2023-10-25,4.5835
UST10Y,US Treasury 10Y,2023-10-26,4.5676
UST10Y,US Treasury 10Y,2023-10-27,4.5057
UST10Y,US Treasury 10Y,2023-10-30,4.4809
UST10Y,US Treasury 10Y,2023-10-31,4.4386
UST10Y,US Treasury 10Y,2023-11-01,4.4302
UST10Y,US Treasury 10Y,2023-11-02,4.4181
UST10Y,US Treasury 10Y,2023-11-03,4.4531
UST10Y,US Treasury 10Y,2023-11-06,4.4559
UST10Y,US Treasury 10Y,2023-11-07,4.4383
UST10Y,US Treasury 10Y,2023-11-08,4.4249
UST10Y,US Treasury 10Y,2023-11-09,4.4118
UST10Y,US Treasury 10Y,2023-11-10,4.3971
UST10Y,US Treasury 10Y,2023-11-13,4.4093
UST10Y,US Treasury 10Y,2023-11-14,4.3924
UST10Y,US Treasury 10Y,2023-11-15,4.3989
UST10Y,US Treasury 10Y,2023-11-16,4.4262
UST10Y,US Treasury 10Y,2023-11-17,4.4112
UST10Y,US Treasury 10Y,2023-11-20,4.4105
UST10Y,US Treasury 10Y,2023-11-21,4.4572
UST10Y,US Treasury 10Y,2023-11-22,4.4718
UST10Y,US Treasury 10Y,2023-11-23,4.4623
UST10Y,US Treasury 10Y,2023-11-24,4.4795
UST10Y,US Treasury 10Y,2023-11-27,4.4726
UST10Y,US Treasury 10Y,2023-11-28,4.4494
UST10Y,US Treasury 10Y,2023-11-29,4.4735
UST10Y,US Treasury 10Y,2023-11-30,4.4472
UST10Y,US Treasury 10Y,2023-12-01,4.4275
UST10Y,US Treasury 10Y,2023-12-04,4.4223
UST10Y,US Treasury 10Y,2023-12-05,4.4445
UST10Y,US Treasury 10Y,2023-12-06,4.4615
UST10Y,US Treasury 10Y,2023-12-07,4.4427
UST10Y,US Treasury 10Y,2023-12-08,4.4407
UST10Y,US Treasury 10Y,2023-12-11,4.4292
UST10Y,US Treasury 10Y,2023-12-12,4.4507
UST10Y,US Treasury 10Y,2023-12-13,4.4578
UST10Y,US Treasury 10Y,2023-12-14,4.437
UST10Y,US Treasury 10Y,2023-12-15,4.4585
UST10Y,US Treasury 10Y,2023-12-18,4.4201
UST10Y,US Treasury 10Y,2023-12-19,4.4083
UST10Y,US Treasury 10Y,2023-12-20,4.3541
UST10Y,US Treasury 10Y,2023-12-21,4.3783
UST10Y,US Treasury 10Y,2023-12-22,4.3723
UST10Y,US Treasury 10Y,2023-12-25,4.3871
UST10Y,US Treasury 10Y,2023-12-26,4.4605
UST10Y,US Treasury 10Y,2023-12-27,4.4669
UST10Y,US Treasury 10Y,2023-12-28,4.4721
UST10Y,US Treasury 10Y,2023-12-29,4.4554
UST10Y,US Treasury 10Y,2024-01-01,4.461
UST10Y,US Treasury 10Y,2024-01-02,4.4467
UST10Y,US Treasury 10Y,2024-01-03,4.4605
UST10Y,US Treasury 10Y,2024-01-04,4.4725
UST10Y,US Treasury 10Y,2024-01-05,4.4781
UST10Y,US Treasury 10Y,2024-01-08,4.4695
UST10Y,US Treasury 10Y,2024-01-09,4.4624
UST10Y,US Treasury 10Y,2024-01-10,4.4581
UST10Y,US Treasury 10Y,2024-01-11,4.4506
UST10Y,US Treasury 10Y,2024-01-12,4.4616
UST10Y,US Treasury 10Y,2024-01-15,4.4383
UST10Y,US Treasury 10Y,2024-01-16,4.4271
UST10Y,US Treasury 10Y,2024-01-17,4.4337
UST10Y,US Treasury 10Y,2024-01-18,4.4767
UST10Y,US Treasury 10Y,2024-01-19,4.4812
UST10Y,US Treasury 10Y,2024-01-22,4.4716
UST10Y,US Treasury 10Y,2024-01-23,4.4603
UST10Y,US Treasury 10Y,2024-01-24,4.4973
UST10Y,US Treasury 10Y,2024-01-25,4.4749
UST10Y,US Treasury 10Y,2024-01-26,4.4536
UST10Y,US Treasury 10Y,2024-01-29,4.4441
UST10Y,US Treasury 10Y,2024-01-30,4.4171
UST10Y,US Treasury 10Y,2024-01-31,4.4026
UST10Y,US Treasury 10Y,2024-02-01,4.4084
UST10Y,US Treasury 10Y,2024-02-02,4.3973
UST10Y,US Treasury 10Y,2024-02-05,4.3417
UST10Y,US Treasury 10Y,2024-02-06,4.3488
UST10Y,US Treasury 10Y,2024-02-07,4.3678
UST10Y,US Treasury 10Y,2024-02-08,4.3506
UST10Y,US Treasury 10Y,2024-02-09,4.3983
UST10Y,US Treasury 10Y,2024-02-12,4.402
UST10Y,US Treasury 10Y,2024-02-13,4.4083
UST10Y,US Treasury 10Y,2024-02-14,4.3702
UST10Y,US Treasury 10Y,2024-02-15,4.4344
UST10Y,US Treasury 10Y,2024-02-16,4.4901
UST10Y,US Treasury 10Y,2024-02-19,4.5249
UST10Y,US Treasury 10Y,2024-02-20,4.5725
UST10Y,US Treasury 10Y,2024-02-21,4.5516
UST10Y,US Treasury 10Y,2024-02-22,4.5348
UST10Y,US Treasury 10Y,2024-02-23,4.5454
UST10Y,US Treasury 10Y,2024-02-26,4.5452
UST10Y,US Treasury 10Y,2024-02-27,4.5124
UST10Y,US Treasury 10Y,2024-02-28,4.5169
UST10Y,US Treasury 10Y,2024-02-29,4.54
UST10Y,US Treasury 10Y,2024-03-01,4.5324
UST10Y,US Treasury 10Y,2024-03-04,4.5735
UST10Y,US Treasury 10Y,2024-03-05,4.5826
UST10Y,US Treasury 10Y,2024-03-06,4.5694
UST10Y,US Treasury 10Y,2024-03-07,4.5448
UST10Y,US Treasury 10Y,2024-03-08,4.5125
UST10Y,US Treasury 10Y,2024-03-11,4.537
UST10Y,US Treasury 10Y,2024-03-12,4.4975
UST10Y,US Treasury 10Y,2024-03-13,4.5149
UST10Y,US Treasury 10Y,2024-03-14,4.5323
UST10Y,US Treasury 10Y,2024-03-15,4.4963
UST10Y,US Treasury 10Y,2024-03-18,4.5142
UST10Y,US Treasury 10Y,2024-03-19,4.5176
UST10Y,US Treasury 10Y,2024-03-20,4.5707
UST10Y,US Treasury 10Y,2024-03-21,4.5855
UST10Y,US Treasury 10Y,2024-03-22,4.5835
UST10Y,US Treasury 10Y,2024-03-25,4.6015
UST10Y,US Treasury 10Y,2024-03-26,4.6419
UST10Y,US Treasury 10Y,2024-03-27,4.6202
UST10Y,US Treasury 10Y,2024-03-28,4.6008
UST10Y,US Treasury 10Y,2024-03-29,4.6281
UST10Y,US Treasury 10Y,2024-04-01,4.6905
UST10Y,US Treasury 10Y,2024-04-02,4.6551
UST10Y,US Treasury 10Y,2024-04-03,4.7041
UST10Y,US Treasury 10Y,2024-04-04,4.7225
UST10Y,US Treasury 10Y,2024-04-05,4.7508
UST10Y,US Treasury 10Y,2024-04-08,4.7733
UST10Y,US Treasury 10Y,2024-04-09,4.7655
UST10Y,US Treasury 10Y,2024-04-10,4.7524
UST10Y,US Treasury 10Y,2024-04-11,4.8236
UST10Y,US Treasury 10Y,2024-04-12,4.7889
UST10Y,US Treasury 10Y,2024-04-15,4.7963
UST10Y,US Treasury 10Y,2024-04-16,4.8458
UST10Y,US Treasury 10Y,2024-04-17,4.8467
UST10Y,US Treasury 10Y,2024-04-18,4.8738
UST10Y,US Treasury 10Y,2024-04-19,4.8799
UST10Y,US Treasury 10Y,2024-04-22,4.8606
UST10Y,US Treasury 10Y,2024-04-23,4.8816
UST10Y,US Treasury 10Y,2024-04-24,4.8859
UST10Y,US Treasury 10Y,2024-04-25,4.8709
UST10Y,US Treasury 10Y,2024-04-26,4.8959
UST10Y,US Treasury 10Y,2024-04-29,4.8892
UST10Y,US Treasury 10Y,2024-04-30,4.9
UST10Y,US Treasury 10Y,2024-05-01,4.888
UST10Y,US Treasury 10Y,2024-05-02,4.9366
UST10Y,US Treasury 10Y,2024-05-03,4.9686
UST10Y,US Treasury 10Y,2024-05-06,4.9809
UST10Y,US Treasury 10Y,2024-05-07,4.9791
UST10Y,US Treasury 10Y,2024-05-08,4.9753
UST10Y,US Treasury 10Y,2024-05-09,4.9727
UST10Y,US Treasury 10Y,2024-05-10,4.9477
UST10Y,US Treasury 10Y,2024-05-13,4.9968
UST10Y,US Treasury 10Y,2024-05-14,4.9728
UST10Y,US Treasury 10Y,2024-05-15,5.0032
UST10Y,US Treasury 10Y,2024-05-16,5.0335
UST10Y,US Treasury 10Y,2024-05-17,5.0279
UST10Y,US Treasury 10Y,2024-05-20,5.0264
UST10Y,US Treasury 10Y,2024-05-21,4.9873
UST10Y,US Treasury 10Y,2024-05-22,4.9825
UST10Y,US Treasury 10Y,2024-05-23,4.9654
UST10Y,US Treasury 10Y,2024-05-24,4.9943
UST10Y,US Treasury 10Y,2024-05-27,4.9749
UST10Y,US Treasury 10Y,2024-05-28,4.9572
UST10Y,US Treasury 10Y,2024-05-29,4.9786
UST10Y,US Treasury 10Y,2024-05-30,4.9251
UST10Y,US Treasury 10Y,2024-05-31,4.9046
UST10Y,US Treasury 10Y,2024-06-03,4.9408
UST10Y,US Treasury 10Y,2024-06-04,4.936
UST10Y,US Treasury 10Y,2024-06-05,4.9619
UST10Y,US Treasury 10Y,2024-06-06,4.8708
UST10Y,US Treasury 10Y,2024-06-07,4.8493
UST10Y,US Treasury 10Y,2024-06-10,4.843
UST10Y,US Treasury 10Y,2024-06-11,4.7992
UST10Y,US Treasury 10Y,2024-06-12,4.8242
UST10Y,US Treasury 10Y,2024-06-13,4.779
UST10Y,US Treasury 10Y,2024-06-14,4.7596
UST10Y,US Treasury 10Y,2024-06-17,4.7669
UST10Y,US Treasury 10Y,2024-06-18,4.7677
UST10Y,US Treasury 10Y,2024-06-19,4.7574
UST10Y,US Treasury 10Y,2024-06-20,4.7269
UST10Y,US Treasury 10Y,2024-06-21,4.7283
UST10Y,US Treasury 10Y,2024-06-24,4.7018
UST10Y,US Treasury 10Y,2024-06-25,4.74
UST10Y,US Treasury 10Y,2024-06-26,4.7282
UST10Y,US Treasury 10Y,2024-06-27,4.696
UST10Y,US Treasury 10Y,2024-06-28,4.7245
UST10Y,US Treasury 10Y,2024-07-01,4.7734
UST10Y,US Treasury 10Y,2024-07-02,4.7826
UST10Y,US Treasury 10Y,2024-07-03,4.7638
UST10Y,US Treasury 10Y,2024-07-04,4.7151
UST10Y,US Treasury 10Y,2024-07-05,4.6932
UST10Y,US Treasury 10Y,2024-07-08,4.7153
UST10Y,US Treasury 10Y,2024-07-09,4.7294
UST10Y,US Treasury 10Y,2024-07-10,4.6734
UST10Y,US Treasury 10Y,2024-07-11,4.677
UST10Y,US Treasury 10Y,2024-07-12,4.6245
UST10Y,US Treasury 10Y,2024-07-15,4.6393
UST10Y,US Treasury 10Y,2024-07-16,4.6849
UST10Y,US Treasury 10Y,2024-07-17,4.6741
UST10Y,US Treasury 10Y,2024-07-18,4.7012
UST10Y,US Treasury 10Y,2024-07-19,4.6824
UST10Y,US Treasury 10Y,2024-07-22,4.673
UST10Y,US Treasury 10Y,2024-07-23,4.6932
UST10Y,US Treasury 10Y,2024-07-24,4.7175
UST10Y,US Treasury 10Y,2024-07-25,4.7013
UST10Y,US Treasury 10Y,2024-07-26,4.7357
UST10Y,US Treasury 10Y,2024-07-29,4.7319
UST10Y,US Treasury 10Y,2024-07-30,4.6377
UST10Y,US Treasury 10Y,2024-07-31,4.6505
UST10Y,US Treasury 10Y,2024-08-01,4.6653
UST10Y,US Treasury 10Y,2024-08-02,4.5777
UST10Y,US Treasury 10Y,2024-08-05,4.57
UST10Y,US Treasury 10Y,2024-08-06,4.5897
UST10Y,US Treasury 10Y,2024-08-07,4.5931
UST10Y,US Treasury 10Y,2024-08-08,4.5693
UST10Y,US Treasury 10Y,2024-08-09,4.541
UST10Y,US Treasury 10Y,2024-08-12,4.5399
UST10Y,US Treasury 10Y,2024-08-13,4.5297
UST10Y,US Treasury 10Y,2024-08-14,4.5476
UST10Y,US Treasury 10Y,2024-08-15,4.5552
UST10Y,US Treasury 10Y,2024-08-16,4.5995
UST10Y,US Treasury 10Y,2024-08-19,4.5841
UST10Y,US Treasury 10Y,2024-08-20,4.5991
UST10Y,US Treasury 10Y,2024-08-21,4.614
UST10Y,US Treasury 10Y,2024-08-22,4.6153
UST10Y,US Treasury 10Y,2024-08-23,4.6383
UST10Y,US Treasury 10Y,2024-08-26,4.5932
UST10Y,US Treasury 10Y,2024-08-27,4.5841
UST10Y,US Treasury 10Y,2024-08-28,4.6401
UST10Y,US Treasury 10Y,2024-08-29,4.6589
UST10Y,US Treasury 10Y,2024-08-30,4.6616
UST10Y,US Treasury 10Y,2024-09-02,4.6939
UST10Y,US Treasury 10Y,2024-09-03,4.691
UST10Y,US Treasury 10Y,2024-09-04,4.6598
UST10Y,US Treasury 10Y,2024-09-05,4.6666
UST10Y,US Treasury 10Y,2024-09-06,4.6933
UST10Y,US Treasury 10Y,2024-09-09,4.6841
UST10Y,US Treasury 10Y,2024-09-10,4.7316
UST10Y,US Treasury 10Y,2024-09-11,4.7398
UST10Y,US Treasury 10Y,2024-09-12,4.7392
UST10Y,US Treasury 10Y,2024-09-13,4.7223
UST10Y,US Treasury 10Y,2024-09-16,4.7844
UST10Y,US Treasury 10Y,2024-09-17,4.8558
UST10Y,US Treasury 10Y,2024-09-18,4.8206
UST10Y,US Treasury 10Y,2024-09-19,4.82
UST10Y,US Treasury 10Y,2024-09-20,4.7981
UST10Y,US Treasury 10Y,2024-09-23,4.8341
UST10Y,US Treasury 10Y,2024-09-24,4.8325
UST10Y,US Treasury 10Y,2024-09-25,4.8621
UST10Y,US Treasury 10Y,2024-09-26,4.8593
UST10Y,US Treasury 10Y,2024-09-27,4.8313
UST10Y,US Treasury 10Y,2024-09-30,4.8797
UST10Y,US Treasury 10Y,2024-10-01,4.8857
UST10Y,US Treasury 10Y,2024-10-02,4.8813
UST10Y,US Treasury 10Y,2024-10-03,4.8561
UST10Y,US Treasury 10Y,2024-10-04,4.8669
UST10Y,US Treasury 10Y,2024-10-07,4.9046
UST10Y,US Treasury 10Y,2024-10-08,4.8972
UST10Y,US Treasury 10Y,2024-10-09,4.9693
UST10Y,US Treasury 10Y,2024-10-10,5.0236
UST10Y,US Treasury 10Y,2024-10-11,5.0312
UST10Y,US Treasury 10Y,2024-10-14,5.0531
UST10Y,US Treasury 10Y,2024-10-15,5.0444
UST10Y,US Treasury 10Y,2024-10-16,5.0651
UST10Y,US Treasury 10Y,2024-10-17,5.0326
UST10Y,US Treasury 10Y,2024-10-18,5.0027
UST10Y,US Treasury 10Y,2024-10-21,5.081
UST10Y,US Treasury 10Y,2024-10-22,5.0914
UST10Y,US Treasury 10Y,2024-10-23,5.1216
UST10Y,US Treasury 10Y,2024-10-24,5.0994
UST10Y,US Treasury 10Y,2024-10-25,5.1168
UST10Y,US Treasury 10Y,2024-10-28,5.1152
UST10Y,US Treasury 10Y,2024-10-29,5.0502
UST10Y,US Treasury 10Y,2024-10-30,5.043
UST10Y,US Treasury 10Y,2024-10-31,5.0442
UST10Y,US Treasury 10Y,2024-11-01,5.0415
UST10Y,US Treasury 10Y,2024-11-04,5.0777
UST10Y,US Treasury 10Y,2024-11-05,5.0979
UST10Y,US Treasury 10Y,2024-11-06,5.0538
UST10Y,US Treasury 10Y,2024-11-07,5.0314
UST10Y,US Treasury 10Y,2024-11-08,5.0263
UST10Y,US Treasury 10Y,2024-11-11,5.0283
UST10Y,US Treasury 10Y,2024-11-12,5.0275
UST10Y,US Treasury 10Y,2024-11-13,4.9835
UST10Y,US Treasury 10Y,2024-11-14,4.9892
UST10Y,US Treasury 10Y,2024-11-15,4.9779
UST10Y,US Treasury 10Y,2024-11-18,4.9083
UST10Y,US Treasury 10Y,2024-11-19,4.8365
UST10Y,US Treasury 10Y,2024-11-20,4.7883
UST10Y,US Treasury 10Y,2024-11-21,4.7601
UST10Y,US Treasury 10Y,2024-11-22,4.7173
UST10Y,US Treasury 10Y,2024-11-25,4.685
UST10Y,US Treasury 10Y,2024-11-26,4.6418
UST10Y,US Treasury 10Y,2024-11-27,4.6239
UST10Y,US Treasury 10Y,2024-11-28,4.6367
UST10Y,US Treasury 10Y,2024-11-29,4.6472
UST10Y,US Treasury 10Y,2024-12-02,4.5958
UST10Y,US Treasury 10Y,2024-12-03,4.6184
UST10Y,US Treasury 10Y,2024-12-04,4.6576
UST10Y,US Treasury 10Y,2024-12-05,4.6344
UST10Y,US Treasury 10Y,2024-12-06,4.685
UST10Y,US Treasury 10Y,2024-12-09,4.6852
UST10Y,US Treasury 10Y,2024-12-10,4.65
UST10Y,US Treasury 10Y,2024-12-11,4.6927
UST10Y,US Treasury 10Y,2024-12-12,4.6868
UST10Y,US Treasury 10Y,2024-12-13,4.6712
UST10Y,US Treasury 10Y,2024-12-16,4.7267
UST10Y,US Treasury 10Y,2024-12-17,4.7698
UST10Y,US Treasury 10Y,2024-12-18,4.7602
UST10Y,US Treasury 10Y,2024-12-19,4.7393
UST10Y,US Treasury 10Y,2024-12-20,4.738
UST10Y,US Treasury 10Y,2024-12-23,4.7434
UST10Y,US Treasury 10Y,2024-12-24,4.7688
UST10Y,US Treasury 10Y,2024-12-25,4.693
UST10Y,US Treasury 10Y,2024-12-26,4.7028
UST10Y,US Treasury 10Y,2024-12-27,4.7092
UST10Y,US Treasury 10Y,2024-12-30,4.6984
UST10Y,US Treasury 10Y,2024-12-31,4.7034
